Index, accelX, accelY, accelZ, magX, magY, magZ, gyroX, gyroY, gyroZ, temp, rH, pressure, proximity, maxAudio
0,  -0.070, -0.556,  0.826, 51.920, 55.710, 16.460,  4.330,  0.790,  0.000, 32.050, 37.620, 96.930, 247, 20
1,  -0.070, -0.557,  0.828, 52.210, 56.040, 16.250,  4.520,  1.040,  0.060, 32.060, 37.600, 96.880, 247, 52
2,  -0.069, -0.556,  0.828, 51.880, 55.680, 16.020,  4.460,  1.100,  0.060, 32.060, 37.610, 96.850, 248, 20
3,  -0.068, -0.557,  0.827, 51.810, 55.540, 15.520,  4.460,  0.980, -0.120, 32.060, 37.550, 96.870, 249, 58
4,  -0.069, -0.557,  0.828, 51.730, 55.050, 15.660,  4.580,  1.040,  0.000, 32.050, 37.560, 96.850, 248, 19
5,  -0.069, -0.555,  0.828, 51.730, 55.680, 16.300,  4.460,  0.980,  0.120, 32.030, 37.520, 96.880, 249, 58
6,  -0.070, -0.556,  0.828, 52.030, 55.290, 15.690,  4.460,  0.790,  0.060, 32.050, 37.570, 96.880, 248, 47
7,  -0.070, -0.557,  0.828, 52.800, 55.530, 15.880,  4.580,  0.980,  0.060, 32.050, 37.560, 96.870, 248, 0
8,  -0.069, -0.556,  0.827, 52.530, 55.510, 16.490,  4.520,  0.850,  0.000, 32.050, 37.590, 96.930, 250, 14
9,  -0.069, -0.556,  0.827, 51.930, 55.130, 15.600,  4.390,  0.980,  0.060, 32.030, 37.560, 96.940, 249, 43
10,  -0.070, -0.556,  0.828, 52.530, 55.070, 16.240,  4.460,  0.980, -0.120, 32.050, 37.610, 96.940, 248, 47
11,  -0.069, -0.556,  0.827, 52.000, 55.540, 16.430,  4.760,  1.040,  0.000, 32.050, 37.520, 96.940, 249, 53
12,  -0.069, -0.556,  0.828, 52.530, 56.050, 16.500,  4.520,  0.980,  0.000, 32.050, 37.530, 96.940, 248, 54
13,  -0.070, -0.557,  0.829, 52.530, 55.770, 16.410,  4.640,  1.160,  0.120, 32.050, 37.580, 96.940, 250, 64
14,  -0.069, -0.556,  0.827, 52.490, 55.850, 16.920,  4.520,  1.040,  0.120, 32.050, 37.570, 96.940, 247, 69
15,  -0.070, -0.555,  0.826, 51.590, 55.730, 16.750,  4.580,  0.920,  0.060, 31.990, 37.510, 96.940, 247, 53
16,  -0.070, -0.559,  0.828, 52.440, 55.930, 16.930,  4.580,  0.980, -0.180, 32.050, 37.450, 96.940, 248, -1
17,  -0.070, -0.556,  0.827, 52.280, 55.430, 15.720,  4.520,  0.980,  0.060, 32.030, 37.540, 96.940, 247, 6
18,  -0.070, -0.556,  0.828, 52.610, 55.380, 16.150,  4.330,  1.040,  0.000, 32.050, 37.600, 96.940, 248, 32
19,  -0.070, -0.557,  0.825, 52.200, 55.400, 15.530,  4.700,  0.980,  0.000, 32.030, 37.520, 96.940, 251, 43
20,  -0.069, -0.557,  0.827, 52.330, 55.870, 16.260,  4.270,  1.040,  0.120, 32.050, 37.490, 96.940, 247, 42
21,  -0.070, -0.557,  0.828, 51.980, 55.860, 17.200,  4.640,  0.920, -0.120, 32.050, 37.560, 96.940, 248, 33
22,  -0.069, -0.556,  0.826, 52.390, 55.330, 16.300,  4.520,  0.920,  0.060, 32.030, 37.590, 96.940, 248, 45
23,  -0.070, -0.556,  0.827, 52.190, 55.350, 16.300,  4.330,  0.920,  0.000, 32.050, 37.500, 96.940, 248, 71
24,  -0.070, -0.557,  0.826, 52.090, 55.250, 16.880,  4.580,  0.920,  0.120, 32.060, 37.530, 96.940, 249, 72
25,  -0.070, -0.556,  0.827, 52.810, 55.690, 16.590,  4.390,  1.040,  0.060, 32.030, 37.570, 96.940, 249, 22
26,  -0.071, -0.556,  0.827, 52.100, 55.770, 16.130,  4.520,  0.980, -0.060, 32.060, 37.500, 96.940, 248, 12
27,  -0.070, -0.556,  0.827, 52.060, 55.380, 16.420,  4.210,  0.980,  0.060, 32.030, 37.610, 96.940, 249, 40
28,  -0.069, -0.556,  0.827, 52.150, 55.090, 16.080,  4.520,  1.040,  0.000, 32.050, 37.560, 96.940, 249, 29
29,  -0.069, -0.556,  0.827, 52.560, 55.710, 16.080,  4.390,  0.850,  0.060, 32.050, 37.510, 96.940, 250, 56
30,  -0.070, -0.556,  0.827, 51.840, 55.650, 16.240,  4.460,  0.980,  0.000, 32.030, 37.560, 96.940, 248, 70
31,  -0.069, -0.556,  0.827, 52.220, 55.490, 15.980,  4.580,  0.850, -0.060, 32.030, 37.500, 96.940, 248, 68
32,  -0.070, -0.556,  0.828, 51.900, 56.040, 16.710,  4.330,  0.920, 15.560, 32.060, 37.510, 96.940, 250, 68
33,  -0.070, -0.556,  0.827, 52.110, 55.520, 17.250,  4.330,  0.790,  0.060, 32.050, 37.500, 96.940, 247, 109
34,  -0.070, -0.556,  0.827, 51.830, 55.550, 16.220,  4.460,  1.040,  0.000, 32.050, 37.620, 96.940, 247, 76
35,  -0.068, -0.555,  0.827, 52.490, 55.860, 16.410,  4.640,  0.980, -0.180, 32.060, 37.530, 96.940, 249, 71
36,  -0.069, -0.556,  0.827, 52.010, 55.760, 16.160,  4.330,  0.980,  0.060, 32.060, 37.510, 96.940, 248, 27
37,  -0.069, -0.555,  0.828, 51.750, 55.690, 15.700,  4.520,  1.040,  0.060, 32.060, 37.580, 96.940, 247, 50
38,  -0.070, -0.556,  0.828, 51.940, 55.140, 17.380,  4.460,  1.100, -0.120, 32.050, 37.490, 96.940, 248, 100
39,  -0.069, -0.556,  0.826, 51.970, 55.330, 16.240,  4.580,  1.100,  0.120, 32.030, 37.580, 96.940, 249, 0
40,  -0.069, -0.557,  0.826, 51.920, 55.100, 15.760,  4.460,  1.040,  0.060, 32.060, 37.570, 96.940, 249, 10
41,  -0.070, -0.556,  0.828, 52.150, 54.750, 17.980,  4.520,  0.980,  0.000, 32.030, 37.520, 96.940, 248, 48
42,  -0.069, -0.556,  0.826, 52.270, 55.540, 16.660,  4.580,  1.040,  0.000, 32.010, 37.490, 96.940, 248, 37
43,  -0.069, -0.556,  0.827, 52.200, 54.910, 16.960,  4.580,  1.040,  0.180, 32.050, 37.530, 96.940, 247, -1
44,  -0.069, -0.556,  0.827, 52.660, 55.420, 16.220,  4.460,  1.100, -0.060, 31.990, 37.540, 96.930, 246, 8
45,  -0.069, -0.557,  0.827, 52.470, 55.410, 16.200,  4.700,  0.920,  0.000, 32.030, 37.520, 96.940, 247, 34
46,  -0.070, -0.556,  0.827, 52.720, 55.240, 16.360,  4.580,  1.040,  0.000, 32.010, 37.550, 96.940, 249, 51
47,  -0.071, -0.556,  0.828, 52.260, 55.540, 16.060,  4.520,  1.040,  0.000, 32.050, 37.580, 96.930, 248, 43
48,  -0.069, -0.556,  0.828, 52.170, 55.410, 15.220,  4.460,  0.920, -0.180, 32.050, 37.530, 96.880, 246, 47
49,  -0.070, -0.556,  0.828, 51.970, 54.880, 15.810,  4.390,  0.920,  0.060, 32.030, 37.590, 96.850, 247, 43
50,  -0.070, -0.557,  0.828, 52.040, 55.130, 16.170,  4.640,  1.040,  0.000, 32.030, 37.560, 96.870, 246, 78
51,  -0.070, -0.556,  0.827, 51.660, 55.110, 16.170,  4.330,  1.040,  0.060, 31.990, 37.520, 96.850, 249, 45
52,  -0.070, -0.556,  0.828, 51.770, 55.660, 16.630,  4.700,  0.920,  0.000, 32.030, 37.490, 96.860, 250, -1
53,  -0.069, -0.556,  0.827, 51.710, 55.820, 16.970,  4.390,  1.100,  0.000, 32.010, 37.550, 96.880, 248, 47
54,  -0.069, -0.556,  0.827, 51.400, 55.590, 16.240,  4.390,  0.920,  0.000, 32.010, 37.530, 96.840, 248, 45
55,  -0.069, -0.556,  0.827, 51.700, 55.740, 16.590,  4.640,  0.850, -0.060, 31.990, 37.570, 96.930, 248, 28
56,  -0.069, -0.556,  0.827, 51.570, 55.790, 16.310,  4.580,  1.040,  0.060, 31.970, 37.540, 96.940, 248, 52
57,  -0.069, -0.556,  0.827, 51.760, 55.710, 16.710,  4.580,  1.100,  0.060, 32.010, 37.530, 96.930, 248, 22
58,  -0.069, -0.556,  0.828, 51.590, 55.680, 16.890,  4.640,  1.100,  0.120, 31.990, 37.500, 96.940, 249, 58
59,  -0.070, -0.556,  0.827, 52.250, 55.960, 16.210,  4.640,  1.040,  0.060, 32.030, 37.620, 96.940, 247, 24
60,  -0.070, -0.556,  0.827, 52.050, 55.470, 16.190,  4.640,  1.100,  0.000, 32.060, 37.600, 96.940, 247, 86
61,  -0.069, -0.556,  0.827, 51.670, 55.460, 16.310,  4.700,  1.040,  0.060, 32.050, 37.640, 96.940, 245, 24
62,  -0.070, -0.556,  0.826, 51.390, 55.410, 16.250,  4.520,  1.100,  0.120, 32.030, 37.530, 96.940, 246, 12
63,  -0.068, -0.557,  0.828, 51.480, 55.630, 16.530,  4.580,  1.040,  0.000, 31.960, 37.590, 96.940, 250, 6
64,  -0.070, -0.556,  0.826, 52.390, 55.600, 16.960,  4.520,  0.920,  0.060, 32.010, 37.590, 96.940, 249, 38
65,  -0.068, -0.556,  0.826, 52.230, 55.790, 16.310,  4.580,  1.040,  0.060, 32.010, 37.510, 96.940, 247, 6
66,  -0.069, -0.557,  0.828, 51.840, 55.540, 15.100,  4.760,  1.040,  0.120, 32.010, 37.600, 96.940, 246, 32
67,  -0.069, -0.556,  0.826, 52.200, 55.820, 16.890,  4.460,  1.040,  0.120, 31.990, 37.480, 96.940, 250, 48
68,  -0.070, -0.556,  0.828, 52.200, 55.860, 16.420,  4.390,  1.040,  0.120, 32.030, 37.550, 96.940, 247, 49
69,  -0.068, -0.556,  0.826, 51.820, 55.530, 15.590,  4.580,  0.920, -0.060, 32.050, 37.480, 96.940, 250, 28
70,  -0.069, -0.557,  0.827, 52.330, 55.910, 17.400,  4.580,  1.100, -0.120, 32.010, 37.600, 96.940, 247, 62
71,  -0.069, -0.556,  0.828, 52.080, 55.520, 16.470,  4.520,  1.040,  0.120, 32.050, 37.540, 96.940, 249, 93
72,  -0.069, -0.556,  0.827, 51.760, 55.750, 17.190,  4.460,  0.850,  0.000, 32.030, 37.520, 96.940, 248, 96
73,  -0.069, -0.557,  0.826, 51.980, 55.690, 15.950,  4.210,  0.980,  0.180, 32.010, 37.510, 96.940, 251, 52
74,  -0.070, -0.557,  0.827, 51.970, 55.260, 16.060,  4.330,  0.980,  0.000, 32.030, 37.490, 96.940, 249, 60
75,  -0.069, -0.556,  0.827, 52.080, 55.550, 16.220,  4.520,  1.040,  0.120, 32.030, 37.550, 96.940, 249, 11
76,  -0.069, -0.556,  0.827, 52.140, 55.430, 16.370,  4.330,  0.920,  0.000, 32.050, 37.560, 96.940, 246, -1
77,  -0.069, -0.556,  0.827, 52.400, 55.790, 15.610,  4.460,  1.160, -0.060, 32.050, 37.500, 96.940, 249, 2
78,  -0.069, -0.556,  0.827, 51.990, 55.520, 16.100,  4.460,  0.980, -0.060, 31.990, 37.510, 96.940, 248, 20
79,  -0.069, -0.556,  0.828, 51.920, 55.130, 16.380,  4.520,  0.920, -0.120, 31.990, 37.470, 96.940, 249, 14
80,  -0.068, -0.556,  0.827, 52.250, 55.410, 15.950,  4.390,  0.850,  0.060, 31.960, 37.560, 96.940, 247, 44
81,  -0.069, -0.556,  0.827, 51.650, 55.370, 16.060,  4.270,  0.980,  0.060, 32.030, 37.530, 96.940, 248, 66
82,  -0.069, -0.556,  0.827, 51.930, 55.300, 16.360,  4.520,  1.040,  0.060, 32.010, 37.620, 96.940, 248, 37
83,  -0.070, -0.556,  0.827, 52.250, 55.240, 16.160,  4.520,  0.920, -0.060, 32.030, 37.580, 96.940, 250, 17
84,  -0.070, -0.556,  0.828, 51.870, 55.860, 17.410,  4.580,  1.100,  0.240, 32.010, 37.500, 96.940, 246, 6
85,  -0.069, -0.556,  0.826, 52.820, 55.820, 16.040,  4.580,  0.980,  0.120, 32.060, 37.560, 96.940, 248, 11
86,  -0.070, -0.556,  0.828, 52.030, 55.030, 16.350,  4.700,  1.040,  0.000, 32.050, 37.530, 96.940, 247, 24
87,  -0.069, -0.556,  0.828, 52.420, 54.690, 15.260,  4.640,  1.040, -0.060, 32.030, 37.470, 96.940, 246, 35
88,  -0.069, -0.556,  0.827, 52.500, 55.470, 15.670,  4.580,  0.920,  0.180, 32.010, 37.520, 96.940, 248, 34
89,  -0.069, -0.557,  0.828, 52.370, 55.830, 15.000,  4.640,  0.980,  0.000, 32.030, 37.580, 96.940, 250, 16
90,  -0.070, -0.556,  0.828, 51.860, 55.880, 16.190,  4.640,  1.160,  0.060, 31.970, 37.530, 96.940, 248, 3
91,  -0.069, -0.557,  0.828, 51.990, 55.440, 14.750,  4.580,  0.850, -0.120, 32.010, 37.550, 96.940, 248, 26
92,  -0.070, -0.556,  0.828, 52.100, 55.700, 15.250,  4.580,  0.850,  0.000, 32.010, 37.590, 96.940, 248, 26
93,  -0.069, -0.557,  0.828, 51.530, 55.910, 16.470,  4.520,  0.920,  0.000, 32.050, 37.580, 96.940, 249, 29
94,  -0.068, -0.557,  0.828, 52.480, 55.730, 16.080,  4.460,  0.920,  0.120, 32.030, 37.490, 96.940, 248, 83
95,  -0.069, -0.556,  0.828, 51.530, 55.730, 15.280,  4.580,  0.980, -0.060, 32.050, 37.550, 96.920, 249, 77
96,  -0.070, -0.555,  0.829, 52.620, 55.620, 16.270,  4.520,  0.850, -0.060, 32.030, 37.520, 96.870, 249, 39
97,  -0.070, -0.556,  0.828, 52.310, 55.350, 15.750,  4.580,  1.040, -0.060, 32.050, 37.530, 96.850, 248, 19
98,  -0.070, -0.556,  0.829, 51.830, 55.250, 16.390,  4.820,  0.920,  0.120, 32.010, 37.480, 96.870, 248, 36
99,  -0.070, -0.556,  0.828, 52.000, 55.660, 15.380,  4.330,  0.920,  0.000, 32.050, 37.520, 96.830, 248, 20
100,  -0.069, -0.556,  0.829, 52.220, 55.330, 16.970,  4.460,  0.920,  0.000, 32.050, 37.580, 96.880, 247, 78
101,  -0.069, -0.555,  0.828, 51.840, 55.800, 16.610,  4.460,  0.850,  0.060, 32.080, 37.570, 96.860, 249, 79
102,  -0.070, -0.556,  0.827, 52.420, 55.490, 14.370,  4.460,  1.040,  0.000, 32.010, 37.510, 96.900, 247, 13
103,  -0.069, -0.557,  0.828, 52.370, 55.700, 15.370,  4.700,  0.980,  0.120, 31.990, 37.550, 96.940, 250, 17
104,  -0.070, -0.556,  0.828, 52.340, 55.850, 16.220,  4.460,  1.040, -0.120, 32.030, 37.570, 96.940, 246, -1
105,  -0.069, -0.555,  0.828, 52.650, 55.800, 15.980,  4.700,  0.980,  0.000, 32.050, 37.550, 96.940, 247, 2
106,  -0.069, -0.556,  0.827, 52.610, 56.040, 16.870,  4.580,  0.980,  0.120, 32.010, 37.530, 96.940, 247, 30
107,  -0.070, -0.557,  0.828, 52.510, 55.420, 16.320,  4.270,  1.040,  0.000, 32.010, 37.500, 96.940, 248, 56
108,  -0.069, -0.556,  0.827, 52.500, 55.730, 15.730,  4.640,  0.850, -0.060, 31.990, 37.610, 96.940, 248, 34
109,  -0.070, -0.557,  0.828, 52.220, 55.740, 15.380,  4.580,  0.850, -0.060, 32.060, 37.560, 96.940, 247, 61
110,  -0.070, -0.557,  0.827, 51.950, 55.270, 16.020,  4.390,  1.040, -0.120, 31.990, 37.470, 96.940, 247, 27
111,  -0.069, -0.557,  0.828, 52.200, 55.350, 15.010,  4.640,  0.980,  0.060, 32.030, 37.590, 96.940, 249, 48
112,  -0.069, -0.556,  0.827, 52.420, 55.190, 16.430,  4.330,  1.100,  0.060, 32.050, 37.530, 96.940, 248, 64
113,  -0.070, -0.557,  0.828, 51.780, 55.660, 15.640,  4.270,  0.920,  0.000, 32.030, 37.460, 96.940, 249, 99
114,  -0.069, -0.556,  0.826, 52.170, 55.650, 16.820,  4.640,  0.920, -0.060, 32.050, 37.570, 96.940, 249, 31
115,  -0.069, -0.556,  0.827, 52.290, 55.820, 16.240,  4.390,  0.980, -0.060, 32.030, 37.560, 96.940, 248, 25
116,  -0.069, -0.558,  0.829, 51.840, 55.600, 16.630,  4.270,  0.850,  0.000, 32.030, 37.570, 96.940, 247, 15
117,  -0.069, -0.556,  0.827, 52.220, 55.630, 16.650,  4.580,  1.040,  0.000, 32.010, 37.490, 96.940, 248, 19
118,  -0.069, -0.556,  0.827, 52.250, 55.360, 16.500,  4.520,  0.920,  0.060, 32.060, 37.510, 96.940, 247, 27
119,  -0.070, -0.556,  0.827, 52.090, 55.750, 16.580,  4.330,  0.850,  0.060, 32.030, 37.580, 96.940, 247, 54
120,  -0.070, -0.556,  0.827, 51.840, 55.480, 16.140,  4.580,  0.850, -0.060, 32.050, 37.540, 96.940, 246, 44
121,  -0.070, -0.556,  0.828, 53.020, 55.590, 15.490,  4.270,  0.980,  0.060, 32.030, 37.510, 96.940, 247, -1
122,  -0.069, -0.556,  0.828, 52.490, 55.600, 16.610,  4.390,  0.920, -0.060, 32.030, 37.540, 96.940, 247, 28
123,  -0.069, -0.556,  0.827, 52.190, 55.870, 15.220,  4.460,  0.980, -0.060, 32.050, 37.550, 96.930, 249, 43
124,  -0.070, -0.556,  0.828, 52.190, 55.150, 16.160,  4.210,  0.850, -0.060, 32.050, 37.540, 96.940, 247, 31
125,  -0.069, -0.555,  0.828, 52.450, 55.430, 17.220,  4.460,  0.920, -0.060, 32.030, 37.550, 96.940, 252, 23
126,  -0.069, -0.556,  0.828, 52.500, 55.930, 16.540,  4.520,  0.850,  0.120, 32.030, 37.490, 96.940, 247, 21
127,  -0.070, -0.556,  0.828, 52.610, 55.630, 16.280,  4.580,  0.920,  0.000, 32.050, 37.550, 96.940, 252, 15
128,  -0.069, -0.556,  0.827, 51.700, 55.570, 17.290,  4.330,  0.920,  0.000, 32.060, 37.550, 96.940, 247, 30
129,  -0.070, -0.556,  0.828, 52.280, 55.530, 16.810,  4.580,  0.980,  0.120, 32.010, 37.510, 96.940, 247, 36
130,  -0.069, -0.556,  0.827, 51.840, 55.980, 16.270,  4.760,  0.980,  0.000, 32.030, 37.520, 96.940, 248, 33
131,  -0.070, -0.556,  0.828, 51.510, 55.480, 17.940,  4.520,  0.980,  0.060, 32.010, 37.580, 96.940, 247, 9
132,  -0.069, -0.556,  0.826, 52.380, 56.090, 17.310,  4.520,  0.850, -0.120, 32.010, 37.530, 96.940, 246, 40
133,  -0.070, -0.556,  0.828, 52.200, 55.570, 17.740,  4.520,  0.980,  0.060, 32.030, 37.550, 96.940, 246, 33
134,  -0.070, -0.556,  0.827, 51.970, 55.960, 16.910,  4.580,  1.040, -0.060, 32.060, 37.510, 96.930, 245, 34
135,  -0.069, -0.555,  0.827, 52.400, 55.900, 17.110,  4.460,  0.920,  0.060, 32.030, 37.590, 96.940, 250, 71
136,  -0.070, -0.556,  0.827, 52.260, 55.820, 15.610,  4.640,  0.980,  0.000, 32.030, 37.560, 96.940, 246, 38
137,  -0.069, -0.556,  0.828, 52.470, 55.570, 16.090,  4.760,  0.790,  0.060, 32.010, 37.490, 96.940, 247, 42
138,  -0.069, -0.556,  0.827, 51.760, 55.820, 16.520,  4.580,  0.980,  0.060, 32.010, 37.550, 96.940, 247, 22
139,  -0.069, -0.556,  0.827, 52.650, 55.250, 16.040,  4.640,  0.920, -0.120, 32.030, 37.520, 96.940, 248, 53
140,  -0.069, -0.557,  0.827, 51.810, 55.820, 16.590,  4.390,  0.920,  0.060, 32.010, 37.560, 96.940, 248, 84
141,  -0.070, -0.557,  0.828, 51.530, 55.550, 16.490,  4.580,  1.040,  0.060, 32.030, 37.510, 96.940, 248, 68
142,  -0.070, -0.556,  0.828, 52.100, 55.510, 16.200,  4.580,  0.980, -0.060, 32.060, 37.600, 96.940, 248, -1
143,  -0.069, -0.556,  0.827, 52.310, 55.660, 17.200,  4.520,  0.980,  0.060, 32.050, 37.550, 96.890, 249, -1
144,  -0.068, -0.556,  0.828, 52.230, 55.260, 16.040,  4.580,  1.040,  0.060, 32.030, 37.570, 96.820, 247, 36
145,  -0.070, -0.556,  0.828, 52.100, 55.440, 16.710,  4.330,  0.920,  0.120, 32.010, 37.580, 96.870, 245, 138
146,  -0.068, -0.556,  0.826, 52.250, 55.580, 16.580,  4.580,  0.850,  0.120, 32.050, 37.550, 96.860, 247, 82
147,  -0.069, -0.556,  0.827, 53.030, 55.490, 17.180,  4.520,  0.980, -0.060, 32.050, 37.570, 96.880, 249, 61
148,  -0.070, -0.557,  0.828, 52.600, 55.330, 16.280,  4.640,  0.920,  0.000, 32.010, 37.540, 96.880, 247, 51
149,  -0.069, -0.557,  0.828, 52.270, 55.800, 16.430,  4.520,  1.100,  0.000, 32.030, 37.570, 96.860, 248, 27
150,  -0.069, -0.556,  0.828, 52.010, 55.130, 16.550,  4.460,  0.920, -0.060, 31.970, 37.550, 96.930, 247, 30
151,  -0.069, -0.556,  0.827, 52.560, 55.940, 16.890,  4.390,  0.980,  0.000, 32.010, 37.550, 96.930, 249, 43
152,  -0.069, -0.556,  0.827, 52.890, 55.100, 16.830,  4.460,  0.980,  0.000, 32.030, 37.610, 96.940, 244, 50
153,  -0.068, -0.556,  0.828, 52.650, 55.220, 16.780,  4.580,  0.980,  0.000, 32.030, 37.560, 96.940, 246, 57
154,  -0.069, -0.556,  0.827, 52.050, 54.980, 17.150,  4.460,  0.790,  0.000, 32.050, 37.520, 96.930, 248, 23
155,  -0.070, -0.556,  0.827, 52.170, 54.900, 16.530,  4.460,  1.040,  0.060, 32.050, 37.580, 96.940, 247, 46
156,  -0.069, -0.556,  0.827, 52.030, 55.520, 17.400,  4.760,  1.040,  0.120, 32.010, 37.490, 96.940, 247, 171
157,  -0.069, -0.555,  0.827, 52.430, 55.380, 16.980,  4.700,  0.980,  0.060, 32.010, 37.520, 96.940, 246, 64
158,  -0.070, -0.558,  0.828, 52.210, 54.900, 16.030,  4.460,  0.980,  0.000, 32.030, 37.550, 96.940, 248, 22
159,  -0.069, -0.557,  0.825, 52.120, 55.600, 16.350,  4.700,  0.790, -0.060, 32.030, 37.460, 96.940, 248, 25
160,  -0.069, -0.556,  0.828, 52.580, 55.190, 16.700,  4.580,  0.920, -0.060, 31.990, 37.610, 96.940, 248, 108
161,  -0.070, -0.557,  0.827, 51.840, 55.070, 16.780,  4.640,  0.980,  0.060, 32.030, 37.560, 96.940, 246, 60
162,  -0.069, -0.557,  0.826, 52.060, 55.570, 16.890,  4.580,  1.160,  0.000, 32.030, 37.570, 96.940, 248, 27
163,  -0.070, -0.556,  0.828, 51.840, 55.480, 17.090,  4.460,  0.980,  0.060, 31.990, 37.510, 96.940, 249, 34
164,  -0.069, -0.557,  0.826, 52.120, 55.590, 16.990,  4.640,  1.040, -0.060, 31.990, 37.460, 96.940, 246, 28
165,  -0.069, -0.556,  0.827, 52.150, 55.050, 16.870,  4.390,  0.920,  0.000, 32.010, 37.550, 96.940, 248, 50
166,  -0.070, -0.556,  0.827, 52.780, 55.030, 15.500,  4.150,  1.100,  0.060, 32.030, 37.530, 96.940, 246, 45
167,  -0.069, -0.556,  0.827, 52.160, 55.070, 16.500,  4.330,  1.100, -0.120, 32.030, 37.520, 96.940, 249, 48
168,  -0.068, -0.556,  0.828, 52.760, 55.410, 16.560,  4.520,  0.980,  0.000, 32.050, 37.510, 96.940, 247, 38
169,  -0.069, -0.556,  0.826, 52.430, 54.700, 17.530,  4.460,  0.980,  0.060, 32.060, 37.490, 96.940, 246, 23
170,  -0.070, -0.556,  0.828, 52.510, 55.210, 17.480,  4.390,  0.980,  0.120, 32.050, 37.530, 96.940, 248, 7
171,  -0.070, -0.556,  0.827, 52.210, 55.440, 16.660,  4.460,  1.100,  0.060, 32.030, 37.570, 96.940, 248, 57
172,  -0.070, -0.557,  0.827, 52.640, 55.900, 16.940,  4.390,  1.040,  0.060, 32.010, 37.570, 96.940, 247, -1
173,  -0.068, -0.556,  0.827, 52.230, 55.350, 16.210,  4.520,  1.040,  0.120, 32.030, 37.520, 96.940, 249, 91
174,  -0.069, -0.556,  0.826, 52.040, 55.260, 17.090,  4.330,  0.980, -0.060, 32.010, 37.510, 96.940, 248, 85
175,  -0.069, -0.556,  0.826, 52.010, 55.600, 16.170,  4.520,  0.980,  0.000, 32.050, 37.550, 96.930, 246, 49
176,  -0.070, -0.556,  0.827, 52.310, 55.570, 16.600,  4.460,  0.790,  0.060, 31.990, 37.590, 96.940, 248, 40
177,  -0.069, -0.556,  0.826, 52.090, 55.260, 16.560,  4.580,  0.790,  0.000, 32.030, 37.480, 96.940, 247, 118
178,  -0.068, -0.556,  0.827, 52.210, 55.240, 15.720,  4.520,  1.040, -0.060, 32.030, 37.620, 96.940, 249, 72
179,  -0.070, -0.555,  0.827, 52.390, 55.440, 15.940,  4.460,  0.920,  0.000, 32.030, 37.520, 96.940, 245, -1
180,  -0.070, -0.556,  0.828, 52.490, 55.830, 15.800,  4.700,  0.980, -0.120, 32.030, 37.550, 96.940, 246, 18
181,  -0.070, -0.556,  0.827, 52.220, 55.330, 16.330,  4.460,  1.040,  0.000, 31.990, 37.510, 96.940, 247, 29
182,  -0.069, -0.556,  0.827, 51.810, 55.540, 15.440,  4.580,  0.980,  0.000, 32.050, 37.540, 96.940, 249, 62
183,  -0.069, -0.556,  0.827, 52.050, 55.250, 15.930,  4.460,  0.790,  0.000, 32.030, 37.540, 96.940, 249, 63
184,  -0.069, -0.556,  0.827, 52.670, 55.200, 16.200,  4.270,  0.980, -0.120, 32.030, 37.470, 96.940, 249, 6
185,  -0.070, -0.556,  0.828, 52.280, 55.080, 17.350,  4.580,  0.850,  0.000, 32.030, 37.510, 96.940, 247, 62
186,  -0.069, -0.556,  0.827, 52.420, 55.130, 16.210,  4.580,  0.730, -0.120, 32.030, 37.590, 96.940, 246, 55
187,  -0.069, -0.555,  0.828, 52.370, 55.640, 16.610,  4.520,  0.980,  0.060, 32.030, 37.500, 96.940, 250, 51
188,  -0.070, -0.555,  0.827, 52.600, 55.580, 16.050,  4.390,  0.980, -0.060, 31.990, 37.600, 96.930, 248, 27
189,  -0.070, -0.556,  0.827, 52.190, 55.630, 16.490,  4.270,  0.920, -0.120, 32.030, 37.600, 96.940, 248, 34
190,  -0.070, -0.556,  0.827, 51.790, 55.630, 16.600,  4.270,  0.920,  0.120, 31.990, 37.540, 96.890, 248, 30
191,  -0.070, -0.555,  0.829, 52.440, 55.100, 15.430,  4.640,  0.850,  0.060, 32.030, 37.550, 96.860, 248, 49
192,  -0.069, -0.555,  0.828, 52.280, 55.050, 16.500,  4.520,  0.980, -0.060, 32.030, 37.530, 96.860, 247, 49
193,  -0.071, -0.556,  0.828, 52.420, 55.860, 16.350,  4.580,  0.980,  0.000, 32.050, 37.570, 96.860, 247, 25
194,  -0.070, -0.556,  0.827, 52.380, 55.790, 16.430,  4.460,  0.980,  0.060, 32.050, 37.520, 96.850, 246, 49
195,  -0.070, -0.556,  0.827, 52.310, 55.470, 15.670,  4.700,  0.920, -0.060, 32.010, 37.520, 96.880, 247, 34
196,  -0.070, -0.556,  0.827, 52.290, 55.100, 16.380,  4.330,  0.850, -0.060, 32.030, 37.560, 96.890, 245, -1
197,  -0.069, -0.556,  0.828, 51.720, 55.570, 15.360,  4.700,  0.850, -0.060, 31.970, 37.570, 96.930, 247, 31
198,  -0.070, -0.555,  0.827, 52.190, 55.520, 15.490,  4.580,  0.850,  0.120, 32.030, 37.500, 96.940, 248, 29
199,  -0.069, -0.557,  0.828, 52.140, 55.480, 15.930,  4.640,  0.920,  0.000, 32.050, 37.570, 96.940, 250, 21
200,  -0.070, -0.555,  0.827, 52.560, 55.800, 15.860,  4.640,  1.040,  0.000, 32.030, 37.550, 96.940, 247, 23
201,  -0.068, -0.557,  0.828, 52.260, 55.960, 15.840,  4.520,  0.980, -0.120, 32.030, 37.520, 96.940, 245, 18
202,  -0.069, -0.556,  0.827, 52.140, 55.350, 16.090,  4.390,  0.850,  0.000, 32.030, 37.540, 96.940, 248, 4
203,  -0.071, -0.557,  0.828, 52.250, 55.270, 16.750,  4.640,  0.920, -0.060, 32.030, 37.530, 96.940, 249, 47
204,  -0.070, -0.556,  0.828, 52.270, 55.860, 15.340,  4.580,  0.980,  0.000, 32.030, 37.520, 96.940, 246, 50
205,  -0.070, -0.556,  0.827, 52.550, 56.050, 15.810,  4.640,  0.980, -0.060, 32.030, 37.620, 96.940, 245, 46
206,  -0.070, -0.557,  0.828, 52.330, 56.010, 16.300,  4.580,  0.980, -0.060, 32.030, 37.480, 96.940, 245, 40
207,  -0.069, -0.556,  0.828, 52.760, 56.090, 16.140,  4.460,  0.920,  0.060, 32.060, 37.520, 96.940, 247, 19
208,  -0.070, -0.557,  0.829, 52.290, 55.660, 16.160,  4.460,  1.040,  0.060, 32.030, 37.490, 96.940, 247, 33
209,  -0.069, -0.555,  0.828, 52.200, 55.600, 17.880,  4.460,  1.040,  0.000, 32.030, 37.520, 96.940, 249, 45
210,  -0.070, -0.556,  0.827, 52.050, 55.510, 17.020,  4.460,  0.850, -0.120, 32.030, 37.580, 96.940, 249, 38
211,  -0.069, -0.557,  0.828, 52.260, 56.230, 15.010,  4.520,  0.920, -0.060, 32.030, 37.480, 96.940, 249, -1
212,  -0.069, -0.556,  0.827, 51.940, 55.910, 16.020,  4.460,  0.850, -0.060, 32.010, 37.530, 96.940, 247, 32
213,  -0.069, -0.556,  0.829, 52.830, 55.400, 15.090,  4.210,  0.980,  0.060, 32.060, 37.550, 96.940, 248, 17
214,  -0.070, -0.556,  0.828, 52.550, 55.420, 16.740,  4.210,  1.040,  0.000, 32.010, 37.520, 96.940, 247, 13
215,  -0.069, -0.556,  0.828, 52.420, 55.630, 16.240,  4.460,  0.920, -0.060, 32.030, 37.560, 96.940, 249, -1
216,  -0.069, -0.556,  0.828, 52.420, 54.990, 16.080,  4.270,  1.040,  0.060, 32.010, 37.570, 96.940, 246, 37
217,  -0.069, -0.556,  0.828, 52.640, 55.250, 15.210,  4.270,  1.040, -0.060, 32.010, 37.520, 96.940, 249, 41
218,  -0.069, -0.556,  0.827, 52.320, 55.050, 15.600,  4.390,  0.920,  0.000, 32.030, 37.520, 96.940, 248, 55
219,  -0.068, -0.556,  0.828, 52.030, 55.160, 15.910,  4.640,  0.850, -0.180, 32.030, 37.490, 96.940, 247, 39
220,  -0.070, -0.556,  0.827, 51.810, 55.030, 15.360,  4.520,  1.040,  0.060, 32.010, 37.460, 96.940, 246, 51
221,  -0.070, -0.557,  0.827, 52.270, 55.200, 16.720,  4.580,  1.100, -0.060, 32.050, 37.560, 96.940, 248, 23
222,  -0.069, -0.556,  0.827, 52.600, 55.980, 16.220,  4.390,  1.040, -0.060, 32.050, 37.570, 96.940, 250, 16
223,  -0.070, -0.556,  0.828, 52.560, 55.270, 15.710,  4.520,  1.040, -0.060, 32.030, 37.590, 96.940, 251, 8
224,  -0.070, -0.556,  0.828, 52.430, 55.580, 15.640,  4.460,  1.100,  0.000, 32.010, 37.490, 96.940, 247, 45
225,  -0.070, -0.556,  0.827, 51.780, 55.470, 15.530,  4.640,  0.920,  0.000, 32.030, 37.500, 96.940, 245, 81
226,  -0.069, -0.557,  0.827, 51.990, 55.260, 16.780,  4.580,  0.920,  0.120, 32.050, 37.500, 96.940, 248, 10
227,  -0.069, -0.556,  0.828, 52.550, 55.630, 16.330,  4.460,  0.920, -0.060, 32.050, 37.570, 96.940, 249, 1
228,  -0.070, -0.556,  0.828, 51.720, 55.400, 16.710,  4.520,  1.040,  0.000, 32.010, 37.510, 96.940, 248, 82
229,  -0.070, -0.556,  0.829, 52.110, 54.750, 16.470,  4.390,  0.980,  0.000, 32.050, 37.560, 96.940, 247, 87
230,  -0.070, -0.556,  0.828, 52.280, 54.870, 16.260,  4.580,  0.920,  0.060, 32.050, 37.560, 96.940, 247, -1
231,  -0.070, -0.556,  0.828, 52.100, 55.550, 16.530,  4.460,  0.730,  0.060, 32.060, 37.530, 96.940, 250, 58
232,  -0.070, -0.556,  0.827, 52.030, 55.520, 16.050,  4.760,  0.920,  0.240, 32.050, 37.540, 96.940, 248, 20
233,  -0.068, -0.556,  0.829, 52.170, 55.030, 16.970,  4.390,  0.980, -0.060, 32.050, 37.560, 96.930, 248, 10
234,  -0.069, -0.556,  0.828, 52.120, 55.350, 16.890,  4.580,  1.100, -0.120, 32.050, 37.530, 96.940, 249, 29
235,  -0.069, -0.556,  0.828, 51.840, 55.410, 17.100,  4.580,  0.850,  0.000, 32.010, 37.570, 96.940, 246, 16
236,  -0.070, -0.556,  0.828, 51.970, 55.540, 15.380,  4.520,  0.980,  0.060, 32.050, 37.560, 96.940, 247, 16
237,  -0.070, -0.557,  0.829, 51.810, 55.050, 17.240,  4.330,  0.920, -0.060, 32.050, 37.530, 96.900, 250, 109
238,  -0.070, -0.556,  0.828, 52.120, 55.300, 16.810,  4.390,  1.100,  0.000, 32.050, 37.450, 96.880, 248, 68
239,  -0.069, -0.557,  0.828, 52.290, 55.380, 16.310,  4.520,  0.980,  0.060, 32.050, 37.510, 96.830, 251, 108
240,  -0.069, -0.556,  0.826, 52.430, 55.460, 15.520,  4.580,  0.920,  0.060, 32.030, 37.560, 96.860, 247, 35
241,  -0.070, -0.557,  0.827, 52.330, 55.640, 15.730,  4.580,  0.980,  0.180, 32.050, 37.510, 96.840, 248, -1
242,  -0.070, -0.556,  0.827, 51.940, 55.480, 15.440,  4.700,  1.100,  0.000, 32.050, 37.580, 96.880, 249, 8
243,  -0.069, -0.556,  0.828, 52.640, 55.770, 16.670,  4.760,  0.850,  0.060, 32.010, 37.570, 96.880, 248, 6
244,  -0.069, -0.556,  0.827, 52.380, 55.620, 16.210,  4.390,  1.100,  0.060, 31.960, 37.520, 96.920, 248, 12
245,  -0.069, -0.555,  0.828, 52.290, 55.350, 15.700,  4.640,  1.100,  0.060, 31.970, 37.540, 96.940, 247, 17
246,  -0.069, -0.557,  0.827, 52.590, 55.240, 16.360,  4.580,  0.920,  0.000, 31.990, 37.500, 96.940, 248, 48
247,  -0.069, -0.556,  0.828, 52.550, 55.650, 17.710,  4.580,  1.040,  0.000, 32.010, 37.520, 96.940, 247, 53
248,  -0.070, -0.556,  0.827, 52.270, 55.240, 16.750,  4.330,  0.920,  0.060, 32.010, 37.560, 96.940, 247, 49
249,  -0.070, -0.555,  0.827, 52.510, 55.510, 17.080,  4.460,  0.850,  0.060, 32.010, 37.500, 96.940, 248, 86
250,  -0.069, -0.556,  0.827, 52.160, 54.820, 17.210,  4.390,  0.850, -0.060, 32.010, 37.580, 96.940, 246, 27
251,  -0.070, -0.556,  0.827, 51.970, 55.910, 16.720,  4.640,  0.790,  0.060, 32.010, 37.500, 96.940, 247, 35
252,  -0.070, -0.557,  0.827, 52.060, 55.570, 15.540,  4.640,  0.920,  0.000, 32.030, 37.510, 96.940, 248, 12
253,  -0.069, -0.557,  0.829, 52.450, 55.090, 16.500,  4.580,  0.980,  0.000, 32.010, 37.590, 96.940, 248, 5
254,  -0.070, -0.556,  0.827, 52.920, 54.700, 15.700,  4.640,  1.040, -0.060, 32.030, 37.530, 96.940, 248, 16
255,  -0.070, -0.556,  0.827, 52.470, 54.870, 16.030,  4.390,  0.980,  0.000, 32.030, 37.590, 96.940, 252, 30
256,  -0.069, -0.557,  0.828, 52.110, 55.430, 16.270,  4.640,  0.920,  0.060, 32.010, 37.460, 96.940, 246, 96
257,  -0.068, -0.556,  0.826, 52.450, 55.700, 15.690,  4.330,  0.980,  0.060, 32.030, 37.560, 96.940, 248, 102
258,  -0.069, -0.557,  0.829, 52.480, 55.150, 16.190,  4.270,  0.920, -0.060, 32.030, 37.490, 96.940, 246, 79
259,  -0.069, -0.556,  0.826, 51.790, 55.160, 15.760,  4.520,  1.040,  0.060, 32.050, 37.490, 96.940, 247, 60
260,  -0.068, -0.556,  0.826, 52.230, 55.410, 15.860,  4.460,  1.160, -0.060, 32.030, 37.580, 96.940, 246, 66
261,  -0.069, -0.556,  0.828, 52.140, 55.130, 15.390,  4.330,  1.040,  0.000, 32.060, 37.520, 96.940, 248, 57
262,  -0.068, -0.556,  0.826, 51.990, 55.020, 17.180,  4.700,  1.040,  0.180, 32.030, 37.570, 96.940, 247, 79
263,  -0.069, -0.555,  0.827, 52.050, 55.510, 16.690,  4.390,  0.790, -0.060, 31.990, 37.520, 96.940, 249, 10
264,  -0.070, -0.556,  0.827, 52.360, 55.310, 16.590,  4.270,  0.920, -0.060, 32.010, 37.520, 96.940, 249, 51
265,  -0.070, -0.556,  0.826, 52.370, 55.460, 16.220,  4.460,  0.920, -0.060, 32.060, 37.570, 96.940, 249, 106
266,  -0.071, -0.556,  0.826, 52.260, 55.110, 16.260,  4.460,  1.040, -0.060, 32.030, 37.500, 96.940, 247, 75
267,  -0.070, -0.556,  0.827, 51.860, 55.310, 16.310,  4.330,  0.850,  0.000, 32.010, 37.570, 96.940, 248, 1
268,  -0.069, -0.556,  0.826, 52.390, 55.400, 15.980,  4.460,  0.920,  0.000, 32.010, 37.590, 96.940, 250, 82
269,  -0.070, -0.556,  0.827, 52.530, 55.330, 16.410,  4.580,  0.920,  0.060, 32.050, 37.550, 96.940, 248, 19
270,  -0.069, -0.555,  0.827, 52.270, 55.880, 16.190,  4.580,  0.920,  0.000, 32.060, 37.540, 96.940, 248, 19
271,  -0.069, -0.557,  0.828, 52.250, 55.400, 16.600,  4.520,  0.920,  0.060, 32.060, 37.530, 96.940, 248, 41
272,  -0.071, -0.557,  0.827, 51.870, 55.250, 16.200,  4.580,  0.980, -0.120, 32.030, 37.610, 96.940, 248, 70
273,  -0.069, -0.556,  0.827, 51.980, 55.910, 16.140,  4.270,  1.040,  0.120, 32.010, 37.500, 96.930, 246, 73
274,  -0.069, -0.557,  0.828, 51.760, 55.530, 16.610,  4.390,  0.980,  0.000, 32.060, 37.500, 96.940, 251, 35
275,  -0.069, -0.556,  0.828, 52.140, 55.250, 16.690,  4.520,  0.920, -0.180, 32.060, 37.550, 96.940, 247, 24
276,  -0.069, -0.556,  0.827, 52.610, 54.920, 16.040,  4.520,  0.980, -0.060, 32.060, 37.510, 96.940, 248, 20
277,  -0.070, -0.556,  0.827, 51.770, 55.770, 16.410,  4.520,  0.920,  0.000, 32.050, 37.550, 96.940, 249, 12
278,  -0.069, -0.556,  0.827, 51.950, 54.830, 15.750,  4.640,  0.920,  0.000, 32.030, 37.550, 96.940, 249, 40
279,  -0.069, -0.556,  0.827, 52.160, 55.330, 15.690,  4.520,  0.920,  0.120, 32.010, 37.560, 96.940, 247, 41
280,  -0.070, -0.556,  0.827, 52.270, 55.400, 16.850,  4.580,  0.920, -0.120, 32.030, 37.540, 96.940, 246, 15
281,  -0.069, -0.557,  0.828, 52.730, 55.910, 16.410,  4.700,  1.040,  0.240, 32.060, 37.470, 96.940, 248, 1
282,  -0.069, -0.556,  0.828, 52.170, 55.660, 16.530,  4.640,  1.040,  0.060, 32.010, 37.590, 96.940, 248, 2
283,  -0.070, -0.556,  0.827, 51.900, 56.260, 15.640,  4.580,  0.980, -0.060, 32.030, 37.570, 96.940, 250, 14
284,  -0.069, -0.556,  0.828, 51.430, 55.330, 15.270,  4.640,  1.040,  0.180, 32.030, 37.550, 96.900, 249, 18
285,  -0.069, -0.556,  0.828, 51.900, 55.600, 16.040,  4.700,  1.100,  0.120, 32.010, 37.560, 96.880, 248, 43
286,  -0.068, -0.556,  0.829, 51.990, 55.220, 16.220,  4.580,  1.040,  0.120, 32.010, 37.600, 96.830, 250, 49
287,  -0.069, -0.556,  0.827, 52.500, 55.360, 15.150,  4.520,  0.850, -0.060, 32.030, 37.510, 96.860, 245, 81
288,  -0.070, -0.555,  0.829, 52.080, 55.190, 15.630,  4.390,  0.980,  0.060, 32.010, 37.570, 96.870, 248, 30
289,  -0.070, -0.556,  0.828, 51.840, 54.790, 16.170,  4.880,  1.040,  0.000, 32.100, 37.570, 96.850, 250, 73
290,  -0.070, -0.556,  0.828, 52.340, 54.980, 15.520,  4.520,  0.850,  0.000, 32.050, 37.530, 96.880, 248, 36
291,  -0.071, -0.557,  0.827, 51.830, 54.860, 15.600,  4.460,  0.980,  0.060, 32.050, 37.500, 96.880, 249, 20
292,  -0.069, -0.556,  0.828, 51.840, 55.310, 17.410,  4.640,  1.040,  0.120, 31.990, 37.540, 96.940, 247, 57
293,  -0.070, -0.556,  0.827, 51.710, 55.770, 16.520,  4.640,  0.790,  0.120, 32.050, 37.540, 96.940, 248, 101
294,  -0.068, -0.557,  0.828, 52.310, 55.130, 15.840,  4.640,  1.040,  0.060, 32.050, 37.530, 96.940, 248, 67
295,  -0.069, -0.556,  0.828, 51.760, 55.200, 15.940,  4.880,  1.100,  0.120, 32.010, 37.500, 96.940, 249, 64
296,  -0.070, -0.556,  0.828, 51.460, 55.360, 17.490,  4.760,  1.040,  0.180, 32.030, 37.520, 96.940, 248, 10
297,  -0.069, -0.556,  0.828, 51.790, 55.800, 16.560,  4.640,  0.920,  0.000, 32.030, 37.570, 96.940, 249, 27
298,  -0.069, -0.556,  0.828, 52.340, 55.040, 15.610,  4.460,  1.100,  0.060, 32.030, 37.600, 96.940, 247, 62
299,  -0.069, -0.556,  0.828, 52.140, 55.160, 15.760,  4.760,  1.100,  0.180, 32.050, 37.600, 96.940, 249, 4
300,  -0.068, -0.557,  0.829, 51.750, 55.520, 15.810,  4.520,  0.980, -0.060, 32.060, 37.600, 96.940, 247, 19
301,  -0.069, -0.557,  0.828, 52.360, 55.590, 15.990,  4.580,  1.100,  0.120, 32.080, 37.540, 96.940, 248, 70
302,  -0.069, -0.556,  0.829, 52.120, 55.290, 16.150,  4.700,  1.040, -0.120, 32.030, 37.520, 96.940, 249, 19
303,  -0.070, -0.558,  0.828, 51.790, 54.870, 16.360,  4.580,  1.220,  0.000, 32.080, 37.530, 96.940, 250, 25
304,  -0.070, -0.556,  0.828, 51.680, 55.380, 16.430,  4.700,  0.850,  0.060, 32.050, 37.500, 96.940, 250, 25
305,  -0.070, -0.556,  0.828, 51.700, 55.260, 15.720,  4.700,  0.790,  0.060, 32.010, 37.550, 96.940, 250, 10
306,  -0.070, -0.556,  0.828, 51.780, 55.520, 16.360,  4.460,  0.980,  0.060, 31.990, 37.470, 96.940, 246, 25
307,  -0.070, -0.557,  0.827, 51.860, 55.050, 17.360,  4.520,  1.100, -0.060, 32.030, 37.540, 96.940, 248, 56
308,  -0.070, -0.555,  0.828, 51.810, 55.200, 17.220,  4.210,  0.790, -0.060, 32.030, 37.550, 96.940, 247, 33
309,  -0.069, -0.556,  0.829, 52.120, 55.770, 16.000,  4.330,  1.040, -0.060, 32.010, 37.410, 96.940, 248, -1
310,  -0.069, -0.556,  0.828, 51.340, 55.710, 14.870,  4.390,  0.980,  0.060, 32.050, 37.580, 96.940, 248, 30
311,  -0.069, -0.556,  0.829, 51.570, 55.690, 16.330,  4.580,  0.980,  0.060, 32.030, 37.540, 96.930, 250, 14
312,  -0.069, -0.557,  0.828, 52.320, 55.410, 16.090,  4.520,  0.980,  0.060, 32.030, 37.560, 96.940, 249, 35
313,  -0.069, -0.556,  0.828, 52.080, 55.760, 16.430,  4.520,  0.980,  0.000, 32.030, 37.560, 96.940, 248, 28
314,  -0.069, -0.555,  0.827, 51.670, 55.190, 17.150,  4.330,  0.920,  0.060, 32.050, 37.530, 96.940, 248, 60
315,  -0.070, -0.556,  0.827, 51.730, 55.320, 17.140,  4.520,  0.980,  0.000, 32.050, 37.530, 96.940, 247, 125
316,  -0.069, -0.555,  0.828, 51.540, 55.920, 15.770,  4.640,  1.040,  0.000, 32.050, 37.500, 96.940, 249, 54
317,  -0.070, -0.556,  0.827, 51.160, 55.270, 15.810,  4.460,  0.920,  0.120, 32.050, 37.600, 96.940, 246, 40
318,  -0.069, -0.556,  0.827, 51.890, 55.440, 16.030,  4.640,  1.040,  0.120, 32.050, 37.490, 96.940, 250, 51
319,  -0.069, -0.556,  0.828, 51.940, 55.080, 15.980,  4.640,  0.980,  0.060, 32.060, 37.570, 96.940, 247, 112
320,  -0.070, -0.556,  0.827, 51.780, 55.690, 15.170,  4.520,  0.850,  0.060, 32.030, 37.550, 96.940, 248, 51
321,  -0.069, -0.556,  0.827, 51.950, 55.370, 16.970,  4.390,  0.920,  0.000, 32.030, 37.580, 96.940, 250, 48
322,  -0.070, -0.556,  0.828, 52.400, 54.770, 16.750,  4.640,  1.160, -0.180, 32.030, 37.470, 96.940, 248, 1
323,  -0.069, -0.557,  0.828, 52.090, 55.040, 16.370,  4.580,  0.980,  0.060, 32.050, 37.450, 96.940, 248, 66
324,  -0.068, -0.556,  0.828, 51.790, 55.570, 16.520,  4.520,  0.980,  0.000, 32.010, 37.520, 96.940, 248, 87
325,  -0.069, -0.556,  0.827, 51.980, 55.580, 15.980,  4.460,  0.980,  0.000, 32.060, 37.550, 96.940, 247, 69
326,  -0.069, -0.556,  0.827, 51.460, 55.590, 15.840,  4.520,  0.730,  0.060, 32.060, 37.580, 96.940, 248, 20
327,  -0.068, -0.556,  0.828, 51.980, 55.290, 16.190,  4.520,  1.040,  0.120, 32.010, 37.540, 96.940, 249, -1
328,  -0.069, -0.556,  0.826, 51.760, 55.850, 16.330,  4.580,  0.850,  0.060, 32.010, 37.570, 96.940, 245, 92
329,  -0.069, -0.557,  0.827, 51.950, 55.480, 16.110,  4.580,  0.920,  0.120, 32.050, 37.520, 96.940, 250, 48
330,  -0.069, -0.557,  0.826, 52.210, 55.210, 16.460,  4.640,  0.980,  0.060, 32.030, 37.550, 96.940, 249, 54
331,  -0.069, -0.556,  0.828, 51.570, 55.400, 15.910,  4.760,  0.980,  0.060, 32.050, 37.560, 96.930, 249, -1
332,  -0.069, -0.556,  0.825, 52.500, 55.470, 17.180,  4.460,  0.980,  0.000, 32.050, 37.570, 96.880, 247, 25
333,  -0.068, -0.556,  0.827, 51.620, 55.200, 16.190,  4.580,  0.920,  0.000, 32.030, 37.570, 96.860, 249, 15
334,  -0.068, -0.556,  0.827, 52.380, 54.970, 17.030,  4.700,  1.040, -0.120, 32.030, 37.600, 96.860, 249, 8
335,  -0.069, -0.556,  0.828, 51.950, 55.990, 15.950,  4.580,  0.920,  0.120, 32.050, 37.540, 96.860, 249, 51
336,  -0.068, -0.557,  0.828, 51.890, 55.470, 16.090,  4.520,  0.850,  0.000, 32.050, 37.540, 96.830, 249, 57
337,  -0.069, -0.556,  0.827, 52.490, 55.710, 17.100,  4.580,  1.100,  0.000, 32.060, 37.520, 96.880, 247, 45
338,  -0.069, -0.556,  0.828, 52.060, 55.600, 16.160,  4.640,  1.160,  0.060, 32.050, 37.570, 96.890, 246, 106
339,  -0.070, -0.557,  0.828, 51.990, 55.710, 16.360,  4.580,  0.980,  0.060, 32.010, 37.540, 96.930, 250, 145
340,  -0.069, -0.557,  0.827, 52.500, 55.520, 16.550,  4.460,  0.850, -0.060, 32.030, 37.530, 96.940, 245, 114
341,  -0.069, -0.556,  0.827, 52.310, 55.460, 16.390,  4.700,  1.040,  0.060, 32.060, 37.490, 96.930, 247, 10
342,  -0.069, -0.557,  0.827, 51.330, 55.330, 16.670,  4.640,  0.980,  0.060, 32.030, 37.560, 96.940, 246, -1
343,  -0.069, -0.556,  0.828, 52.010, 55.620, 15.950,  4.700,  0.790,  0.000, 32.010, 37.550, 96.940, 248, 21
344,  -0.069, -0.556,  0.828, 51.920, 55.520, 16.600,  4.390,  1.160, -0.120, 32.050, 37.520, 96.940, 246, 5
345,  -0.070, -0.557,  0.829, 51.590, 55.770, 16.650,  4.520,  1.100,  0.060, 32.100, 37.530, 96.940, 249, 42
346,  -0.069, -0.557,  0.828, 51.730, 56.080, 16.270,  4.760,  0.920,  0.060, 32.050, 37.520, 96.940, 247, 56
347,  -0.068, -0.557,  0.828, 52.110, 55.160, 15.060,  4.520,  1.040,  0.120, 32.050, 37.620, 96.940, 248, 71
348,  -0.069, -0.558,  0.828, 51.920, 55.490, 16.740,  4.580,  0.920, -0.060, 32.050, 37.550, 96.940, 248, 51
349,  -0.069, -0.557,  0.828, 52.120, 55.880, 17.290,  4.580,  0.790,  0.060, 32.060, 37.530, 96.940, 247, 45
350,  -0.069, -0.557,  0.829, 51.760, 55.320, 16.850,  4.270,  0.790,  0.060, 32.060, 37.600, 96.940, 247, 71
351,  -0.069, -0.557,  0.826, 51.980, 55.000, 16.750,  4.520,  1.100, -0.120, 32.030, 37.490, 96.930, 247, 55
352,  -0.069, -0.556,  0.828, 51.830, 55.430, 16.140,  4.520,  0.980,  0.060, 32.060, 37.610, 96.940, 249, 33
353,  -0.069, -0.558,  0.828, 51.890, 55.040, 17.350,  4.460,  0.920,  0.120, 32.030, 37.600, 96.940, 250, 79
354,  -0.069, -0.556,  0.828, 51.930, 55.180, 16.410,  4.640,  0.920,  0.000, 32.050, 37.460, 96.940, 248, 31
355,  -0.069, -0.557,  0.828, 51.920, 55.260, 16.270,  4.460,  1.100, -0.060, 32.030, 37.640, 96.930, 249, 25
356,  -0.068, -0.556,  0.828, 52.200, 55.000, 17.650,  4.520,  0.730,  0.000, 32.050, 37.500, 96.940, 249, 39
357,  -0.069, -0.556,  0.827, 51.870, 55.820, 16.020,  4.520,  0.920,  0.120, 32.030, 37.600, 96.940, 249, 73
358,  -0.068, -0.557,  0.827, 52.050, 55.600, 16.260,  4.390,  0.920,  0.060, 32.050, 37.590, 96.940, 247, 105
359,  -0.070, -0.556,  0.828, 51.480, 55.270, 16.150,  4.460,  0.980,  0.000, 32.010, 37.560, 96.940, 250, 45
360,  -0.070, -0.556,  0.827, 52.210, 55.930, 16.190,  4.520,  0.980,  0.000, 32.050, 37.530, 96.940, 246, 4
361,  -0.068, -0.556,  0.827, 52.420, 55.520, 16.490,  4.330,  0.790,  0.000, 31.990, 37.490, 96.940, 245, 22
362,  -0.068, -0.556,  0.828, 52.310, 55.040, 15.880,  4.270,  1.040,  0.000, 32.060, 37.610, 96.940, 248, 21
363,  -0.069, -0.557,  0.827, 52.160, 55.740, 16.210,  4.640,  1.040,  0.000, 32.030, 37.530, 96.940, 249, 38
364,  -0.070, -0.555,  0.827, 52.000, 55.020, 16.850,  4.460,  1.100,  0.000, 32.050, 37.480, 96.940, 248, 31
365,  -0.069, -0.556,  0.828, 52.050, 55.200, 15.600,  4.460,  0.980,  0.000, 32.050, 37.520, 96.940, 245, 42
366,  -0.069, -0.557,  0.828, 51.530, 55.210, 16.960,  4.460,  0.850, -0.060, 32.010, 37.440, 96.940, 247, 70
367,  -0.070, -0.556,  0.828, 51.900, 55.040, 16.590,  4.460,  0.920,  0.060, 32.050, 37.570, 96.940, 251, 108
368,  -0.070, -0.556,  0.829, 51.750, 55.540, 16.630,  4.460,  0.920,  0.060, 32.050, 37.520, 96.940, 247, 60
369,  -0.069, -0.556,  0.827, 51.900, 55.640, 15.840,  4.520,  0.980, -0.060, 32.060, 37.570, 96.940, 247, 63
370,  -0.069, -0.556,  0.828, 52.110, 55.350, 16.920,  4.460,  0.850,  0.000, 32.060, 37.520, 96.940, 250, 69
371,  -0.070, -0.556,  0.828, 51.330, 55.640, 15.710,  4.460,  0.920,  0.000, 32.050, 37.550, 96.940, 247, 68
372,  -0.070, -0.556,  0.827, 51.840, 55.100, 16.330,  4.520,  0.920, -0.060, 32.030, 37.570, 96.940, 249, 7
373,  -0.069, -0.556,  0.827, 52.200, 55.080, 16.460,  4.580,  0.850,  0.120, 32.030, 37.490, 96.940, 246, -1
374,  -0.070, -0.556,  0.829, 51.660, 55.310, 15.730,  4.580,  0.980,  0.120, 32.030, 37.590, 96.940, 246, 2
375,  -0.070, -0.557,  0.827, 51.710, 55.190, 16.160,  4.700,  0.980,  0.120, 32.050, 37.530, 96.940, 247, 27
376,  -0.069, -0.556,  0.828, 51.700, 55.040, 16.040,  4.390,  0.790,  0.060, 32.060, 37.560, 96.940, 247, 23
377,  -0.069, -0.556,  0.828, 51.290, 55.730, 16.780,  4.700,  0.790,  0.000, 32.060, 37.500, 96.940, 250, 33
378,  -0.070, -0.557,  0.828, 51.500, 55.030, 15.990,  4.760,  0.850,  0.120, 32.050, 37.510, 96.940, 248, 37
379,  -0.070, -0.556,  0.829, 51.590, 55.200, 15.430,  4.760,  0.790,  0.120, 32.060, 37.570, 96.890, 246, 19
380,  -0.070, -0.556,  0.828, 51.560, 55.480, 15.920,  4.520,  1.160,  0.060, 32.080, 37.540, 96.880, 247, 79
381,  -0.070, -0.556,  0.828, 51.730, 55.270, 16.030,  4.460,  0.850,  0.000, 32.060, 37.500, 96.820, 248, 81
382,  -0.069, -0.555,  0.828, 51.770, 55.760, 15.750,  4.580,  0.980,  0.000, 32.080, 37.570, 96.870, 249, 124
383,  -0.070, -0.555,  0.827, 51.570, 55.210, 16.590,  4.460,  1.040,  0.060, 32.060, 37.580, 96.860, 246, 86
384,  -0.070, -0.557,  0.828, 52.140, 55.350, 14.970,  4.580,  0.920,  0.060, 32.060, 37.520, 96.860, 250, 27
385,  -0.068, -0.556,  0.827, 51.870, 55.490, 16.520,  4.880,  0.850, -0.060, 32.030, 37.530, 96.870, 249, 19
386,  -0.069, -0.556,  0.826, 52.090, 55.460, 16.350,  4.700,  0.980,  0.000, 32.010, 37.460, 96.900, 247, 62
387,  -0.069, -0.556,  0.827, 51.790, 55.210, 15.730,  4.640,  0.850, -0.180, 32.050, 37.530, 96.940, 248, 13
388,  -0.069, -0.556,  0.827, 51.810, 55.030, 15.470,  4.580,  0.850,  0.120, 32.050, 37.580, 96.940, 247, -1
389,  -0.071, -0.556,  0.829, 51.490, 55.600, 16.520,  4.460,  1.160,  0.060, 32.050, 37.480, 96.940, 250, 17
390,  -0.070, -0.556,  0.828, 51.980, 55.490, 15.770,  4.640,  0.920, -0.120, 32.030, 37.550, 96.940, 249, 30
391,  -0.070, -0.556,  0.828, 51.930, 55.320, 15.030,  4.520,  1.100,  0.000, 32.050, 37.540, 96.940, 247, 37
392,  -0.069, -0.556,  0.829, 51.860, 55.540, 16.210,  4.580,  0.920, -0.060, 32.060, 37.510, 96.940, 247, 31
393,  -0.070, -0.557,  0.828, 52.040, 55.620, 17.070,  4.700,  1.040, -0.120, 32.050, 37.540, 96.940, 250, 54
394,  -0.069, -0.556,  0.828, 51.500, 55.410, 16.630,  4.460,  0.980,  0.000, 32.050, 37.540, 96.940, 246, 113
395,  -0.069, -0.558,  0.829, 51.950, 55.690, 15.880,  4.700,  0.980,  0.060, 32.080, 37.570, 96.940, 248, 36
396,  -0.069, -0.556,  0.827, 51.720, 55.820, 16.000,  4.580,  0.790,  0.000, 32.060, 37.530, 96.940, 248, 20
397,  -0.068, -0.556,  0.828, 52.040, 55.220, 16.550,  4.460,  0.790,  0.060, 32.050, 37.610, 96.940, 247, -1
398,  -0.069, -0.557,  0.829, 51.620, 55.590, 16.830,  4.700,  0.980,  0.120, 32.060, 37.500, 96.940, 248, 14
399,  -0.070, -0.556,  0.827, 52.120, 55.030, 16.630,  4.390,  0.920,  0.000, 32.060, 37.560, 96.940, 248, 55
400,  -0.070, -0.557,  0.828, 51.930, 55.360, 15.890,  4.390,  0.850,  0.120, 32.060, 37.550, 96.940, 247, 50
401,  -0.070, -0.556,  0.827, 51.730, 54.910, 15.980,  4.210,  0.850,  0.000, 32.050, 37.520, 96.940, 245, 26
402,  -0.069, -0.557,  0.827, 51.340, 55.660, 16.220,  4.390,  0.850,  0.000, 32.050, 37.520, 96.940, 250, 47
403,  -0.069, -0.556,  0.827, 51.870, 55.160, 15.140,  4.460,  0.980,  0.000, 32.060, 37.560, 96.940, 248, 12
404,  -0.068, -0.556,  0.827, 51.150, 55.520, 17.310,  4.460,  1.040,  0.000, 32.030, 37.520, 96.940, 250, 79
405,  -0.070, -0.556,  0.827, 51.480, 54.990, 16.770,  4.330,  1.040,  0.000, 32.030, 37.570, 96.940, 247, 32
406,  -0.069, -0.556,  0.826, 51.230, 55.080, 15.910,  4.270,  1.160, -0.120, 32.050, 37.470, 96.940, 247, 26
407,  -0.070, -0.556,  0.826, 51.230, 55.580, 16.360,  4.270,  0.790,  0.120, 32.050, 37.490, 96.940, 248, -1
408,  -0.069, -0.557,  0.827, 51.420, 55.300, 16.500,  4.390,  0.920,  0.000, 32.050, 37.550, 96.940, 250, 44
409,  -0.069, -0.555,  0.827, 51.830, 55.570, 15.830,  4.460,  1.040,  0.000, 32.050, 37.470, 96.940, 246, 109
410,  -0.070, -0.556,  0.827, 51.440, 54.820, 16.960,  4.580,  0.850,  0.180, 31.990, 37.490, 96.940, 247, 63
411,  -0.070, -0.556,  0.827, 51.760, 55.290, 16.020,  4.580,  0.980,  0.060, 32.060, 37.600, 96.940, 250, 75
412,  -0.069, -0.556,  0.827, 52.050, 54.740, 16.240,  4.460,  0.980, -0.060, 32.050, 37.490, 96.940, 247, 49
413,  -0.070, -0.556,  0.828, 51.640, 55.140, 16.990,  4.700,  0.920,  0.120, 32.050, 37.480, 96.940, 249, 17
414,  -0.070, -0.556,  0.827, 51.920, 55.440, 15.610,  4.330,  0.920,  0.060, 32.010, 37.540, 96.940, 245, 2
415,  -0.070, -0.556,  0.827, 51.790, 54.910, 16.390,  4.520,  0.920, -0.060, 32.050, 37.500, 96.940, 247, 3
416,  -0.069, -0.557,  0.827, 52.380, 55.040, 15.730,  4.580,  0.920, -0.120, 32.030, 37.500, 96.940, 246, 28
417,  -0.069, -0.556,  0.828, 51.760, 54.860, 14.710,  4.520,  1.040,  0.060, 32.060, 37.490, 96.940, 248, 22
418,  -0.069, -0.556,  0.827, 51.600, 55.440, 16.060,  4.390,  0.920,  0.000, 32.030, 37.540, 96.940, 250, 35
419,  -0.069, -0.556,  0.829, 52.040, 55.440, 15.310,  4.700,  0.920,  0.060, 32.080, 37.550, 96.940, 249, 31
420,  -0.070, -0.556,  0.828, 52.030, 55.330, 16.390,  4.580,  0.790,  0.060, 32.030, 37.500, 96.940, 248, 15
421,  -0.069, -0.556,  0.828, 51.970, 55.140, 16.270,  4.640,  0.980, -0.060, 32.050, 37.540, 96.950, 245, 15
422,  -0.070, -0.556,  0.828, 51.450, 55.800, 16.270,  4.640,  1.040,  0.060, 32.050, 37.540, 96.940, 246, 146
423,  -0.070, -0.556,  0.827, 51.930, 55.260, 15.160,  4.390,  0.730, -0.060, 32.050, 37.550, 96.940, 247, 57
424,  -0.069, -0.556,  0.828, 51.550, 55.330, 15.780,  4.640,  0.850,  0.000, 32.050, 37.540, 96.940, 248, 36
425,  -0.070, -0.556,  0.828, 51.540, 55.380, 15.670,  4.580,  0.920,  0.060, 32.050, 37.520, 96.940, 246, 7
426,  -0.070, -0.556,  0.828, 51.870, 55.480, 15.750,  4.520,  0.850,  0.000, 32.050, 37.510, 96.910, 248, 9
427,  -0.069, -0.557,  0.828, 52.100, 55.090, 15.950,  4.520,  1.040,  0.000, 32.060, 37.540, 96.880, 249, 33
428,  -0.070, -0.556,  0.828, 52.000, 55.710, 16.200,  4.520,  0.790, -0.120, 32.060, 37.540, 96.860, 249, 31
429,  -0.070, -0.556,  0.828, 51.990, 55.640, 16.380,  4.640,  0.920, -0.060, 32.060, 37.520, 96.870, 246, 49
430,  -0.068, -0.556,  0.829, 51.440, 55.990, 16.300,  4.520,  0.850,  0.000, 32.080, 37.540, 96.860, 247, 26
431,  -0.070, -0.556,  0.828, 51.640, 55.470, 16.200,  4.700,  0.920, -0.180, 32.060, 37.540, 96.850, 247, 40
432,  -0.070, -0.556,  0.829, 51.620, 55.510, 15.150,  4.580,  0.730,  0.060, 32.050, 37.510, 96.870, 248, 20
433,  -0.069, -0.556,  0.828, 51.900, 55.400, 15.230,  4.390,  0.790, -0.120, 32.030, 37.520, 96.900, 246, 56
434,  -0.070, -0.556,  0.829, 51.290, 55.020, 16.140,  4.460,  0.980,  0.060, 32.010, 37.550, 96.940, 249, 21
435,  -0.070, -0.556,  0.829, 51.820, 55.680, 16.430,  4.460,  0.980,  0.000, 32.050, 37.540, 96.940, 248, 42
436,  -0.070, -0.557,  0.828, 51.670, 55.480, 16.650,  4.580,  0.920,  0.000, 32.030, 37.460, 96.940, 249, 31
437,  -0.069, -0.556,  0.827, 52.340, 55.520, 15.760,  4.330,  0.850,  0.000, 32.080, 37.510, 96.940, 248, 12
438,  -0.069, -0.556,  0.828, 51.860, 55.600, 16.320,  4.460,  0.850,  0.000, 32.050, 37.530, 96.940, 247, 32
439,  -0.070, -0.556,  0.829, 51.650, 55.400, 16.770,  4.330,  0.980,  0.060, 32.060, 37.550, 96.940, 248, 23
440,  -0.070, -0.557,  0.829, 51.880, 55.160, 16.560,  4.520,  0.790,  0.000, 32.060, 37.530, 96.940, 249, 45
441,  -0.070, -0.555,  0.829, 51.900, 55.040, 16.750,  4.700,  1.100,  0.180, 32.080, 37.550, 96.940, 247, 49
442,  -0.070, -0.557,  0.829, 51.760, 55.200, 16.200,  4.520,  0.920, -0.060, 32.080, 37.520, 96.940, 246, 42
443,  -0.070, -0.557,  0.829, 51.510, 55.330, 16.000,  4.580,  0.920,  0.060, 32.100, 37.580, 96.940, 248, 5
444,  -0.069, -0.556,  0.828, 51.400, 55.370, 16.020,  4.330,  0.980,  0.000, 32.050, 37.410, 96.940, 248, 1
445,  -0.070, -0.557,  0.830, 52.060, 55.240, 15.920,  4.820,  0.980,  0.120, 32.080, 37.530, 96.940, 248, 42
446,  -0.070, -0.556,  0.827, 52.250, 55.400, 15.540,  4.390,  0.850,  0.000, 32.050, 37.560, 96.940, 245, 123
447,  -0.070, -0.556,  0.827, 51.970, 55.630, 16.500,  4.390,  1.040,  0.000, 32.050, 37.430, 96.940, 247, -1
448,  -0.069, -0.558,  0.828, 51.490, 55.240, 15.760,  4.760,  0.850,  0.120, 32.050, 37.490, 96.940, 246, 32
449,  -0.069, -0.556,  0.828, 51.830, 55.400, 15.610,  4.520,  0.850, -0.180, 32.120, 37.520, 96.940, 246, 16
450,  -0.069, -0.556,  0.828, 51.590, 55.430, 15.880,  4.580,  0.980,  0.060, 32.050, 37.460, 96.940, 248, 74
451,  -0.070, -0.556,  0.828, 51.450, 55.360, 15.600,  4.520,  0.850,  0.180, 32.060, 37.520, 96.940, 247, 45
452,  -0.069, -0.557,  0.827, 51.600, 55.580, 14.970,  4.460,  1.040,  0.000, 32.030, 37.540, 96.940, 246, 71
453,  -0.070, -0.556,  0.828, 52.360, 55.400, 15.420,  4.390,  1.100, -0.060, 32.050, 37.570, 96.940, 250, 76
454,  -0.070, -0.556,  0.828, 51.820, 55.210, 16.210,  4.580,  0.980, -0.060, 32.030, 37.530, 96.940, 248, 21
455,  -0.069, -0.556,  0.828, 52.030, 55.470, 16.640,  4.580,  0.850, -0.060, 32.050, 37.520, 96.940, 250, 67
456,  -0.069, -0.556,  0.828, 52.310, 55.400, 15.950,  4.390,  1.040,  0.060, 32.050, 37.550, 96.940, 245, 61
457,  -0.068, -0.556,  0.827, 51.760, 54.930, 14.260,  4.520,  0.920,  0.000, 32.030, 37.580, 96.940, 248, 34
458,  -0.069, -0.557,  0.829, 52.200, 55.480, 16.440,  4.520,  0.850,  0.000, 32.060, 37.490, 96.940, 248, 11
459,  -0.069, -0.556,  0.828, 52.420, 55.680, 14.830,  4.520,  0.980,  0.060, 32.050, 37.470, 96.940, 249, 13
460,  -0.071, -0.556,  0.829, 52.270, 55.620, 15.660,  4.460,  0.920,  0.000, 32.050, 37.550, 96.940, 244, 23
461,  -0.069, -0.556,  0.827, 51.820, 55.930, 16.970,  4.580,  0.790, -0.060, 32.080, 37.470, 96.940, 247, 22
462,  -0.068, -0.556,  0.828, 51.860, 55.240, 15.800,  4.580,  0.920,  0.000, 32.080, 37.520, 96.940, 247, 22
463,  -0.068, -0.556,  0.829, 51.990, 55.240, 16.720,  4.640,  0.850,  0.060, 32.080, 37.430, 96.940, 249, 91
464,  -0.069, -0.556,  0.828, 52.260, 55.790, 15.580,  4.520,  0.850,  0.000, 32.060, 37.560, 96.940, 247, 71
465,  -0.069, -0.557,  0.828, 51.640, 55.410, 16.670,  4.520,  0.980,  0.000, 32.080, 37.540, 96.940, 251, 45
466,  -0.070, -0.556,  0.827, 52.010, 55.310, 17.070,  4.820,  0.850, -0.060, 32.080, 37.470, 96.940, 246, 38
467,  -0.069, -0.556,  0.828, 51.610, 54.990, 16.580,  4.520,  1.040, -0.120, 32.100, 37.490, 96.940, 248, 13
468,  -0.070, -0.555,  0.827, 51.930, 55.510, 16.030,  4.580,  0.980,  0.120, 32.030, 37.480, 96.940, 248, 31
469,  -0.069, -0.556,  0.829, 51.600, 55.380, 17.350,  4.580,  0.920,  0.000, 32.080, 37.510, 96.940, 250, -1
470,  -0.070, -0.557,  0.828, 51.540, 55.580, 16.580,  4.760,  0.920, -0.180, 32.030, 37.550, 96.940, 248, 6
471,  -0.070, -0.556,  0.828, 51.650, 55.430, 16.820,  4.640,  0.790, -0.180, 32.050, 37.520, 96.930, 249, 8
472,  -0.069, -0.556,  0.828, 51.860, 55.760, 15.970,  4.520,  0.850, -0.120, 32.030, 37.490, 96.940, 248, -1
473,  -0.068, -0.555,  0.827, 51.610, 55.210, 15.360,  4.580,  1.100,  0.180, 32.030, 37.500, 96.940, 249, 28
474,  -0.070, -0.557,  0.827, 51.730, 55.190, 16.910,  4.580,  0.920, -0.120, 32.050, 37.520, 96.910, 246, 53
475,  -0.069, -0.556,  0.828, 51.720, 55.400, 16.260,  4.390,  0.920,  0.060, 32.030, 37.580, 96.880, 248, 56
476,  -0.069, -0.556,  0.828, 51.310, 55.420, 17.160,  4.460,  0.850,  0.120, 32.030, 37.520, 96.830, 249, 77
477,  -0.069, -0.556,  0.828, 52.290, 55.760, 16.260,  4.390,  0.920,  0.000, 32.060, 37.520, 96.860, 250, 6
478,  -0.068, -0.556,  0.828, 51.400, 55.640, 17.290,  4.520,  0.980,  0.000, 32.050, 37.500, 96.880, 247, 13
479,  -0.070, -0.557,  0.828, 51.810, 55.550, 15.630,  4.520,  0.980,  0.000, 32.080, 37.520, 96.880, 247, 39
480,  -0.069, -0.556,  0.828, 51.320, 55.640, 15.530,  4.520,  0.980,  0.060, 32.080, 37.450, 96.880, 250, 59
481,  -0.070, -0.556,  0.828, 52.040, 54.850, 15.930,  4.700,  1.100,  0.120, 32.030, 37.560, 96.890, 247, 30
482,  -0.069, -0.556,  0.828, 51.660, 55.820, 16.110,  4.640,  1.160,  0.120, 32.030, 37.510, 96.940, 245, -1
483,  -0.069, -0.555,  0.828, 51.860, 55.350, 16.650,  4.520,  0.920,  0.000, 32.050, 37.520, 96.930, 248, -1
484,  -0.069, -0.556,  0.829, 51.840, 55.550, 17.250,  4.580,  0.980,  0.120, 32.030, 37.550, 96.940, 247, 33
485,  -0.069, -0.556,  0.829, 52.060, 55.290, 15.690,  4.700,  0.980,  0.000, 32.050, 37.570, 96.940, 246, 32
486,  -0.070, -0.556,  0.829, 51.220, 55.130, 16.930,  4.580,  1.040, -0.060, 32.080, 37.560, 96.940, 246, 25
487,  -0.070, -0.556,  0.828, 51.830, 55.690, 17.600,  4.520,  0.980, -0.060, 32.030, 37.460, 96.940, 249, 16
488,  -0.070, -0.556,  0.828, 51.820, 55.620, 16.190,  4.640,  1.040, -0.060, 32.050, 37.490, 96.940, 250, 22
489,  -0.070, -0.557,  0.829, 51.940, 55.210, 17.220,  4.520,  0.920,  0.180, 32.050, 37.430, 96.940, 248, 16
490,  -0.070, -0.557,  0.831, 51.830, 55.240, 16.810,  4.460,  0.920, -0.060, 32.100, 37.540, 96.940, 247, 16
491,  -0.070, -0.557,  0.828, 51.600, 55.100, 16.540,  4.580,  1.040,  0.000, 32.050, 37.520, 96.940, 249, 5
492,  -0.070, -0.556,  0.828, 51.340, 55.050, 16.320,  4.520,  1.040,  0.120, 32.060, 37.520, 96.940, 247, 3
493,  -0.069, -0.556,  0.828, 51.330, 55.550, 17.420,  4.640,  0.980, -0.060, 32.060, 37.520, 96.940, 248, 6
494,  -0.069, -0.556,  0.828, 51.480, 55.710, 16.220,  4.700,  0.850,  0.000, 32.050, 37.460, 96.940, 247, 0
495,  -0.069, -0.557,  0.829, 51.670, 55.300, 16.250,  4.270,  1.040, -0.060, 32.060, 37.520, 96.940, 247, 15
496,  -0.069, -0.555,  0.827, 51.830, 55.760, 16.860,  4.520,  1.040,  0.060, 32.080, 37.530, 96.940, 247, 27
497,  -0.069, -0.556,  0.828, 51.770, 55.430, 15.930,  4.580,  0.920, -0.120, 32.060, 37.510, 96.940, 248, 33
498,  -0.070, -0.556,  0.828, 51.600, 55.200, 16.940,  4.390,  0.850,  0.060, 32.080, 37.490, 96.940, 246, 18
499,  -0.069, -0.556,  0.828, 52.150, 54.830, 15.410,  4.390,  1.040,  0.000, 32.010, 37.540, 96.940, 247, 10
500,  -0.069, -0.556,  0.829, 52.100, 55.490, 16.050,  4.330,  1.100,  0.120, 32.050, 37.470, 96.940, 248, 31
501,  -0.070, -0.556,  0.829, 51.780, 55.690, 16.560,  4.270,  0.980,  0.000, 32.050, 37.560, 96.940, 248, 64
502,  -0.069, -0.556,  0.828, 51.650, 55.570, 16.140,  4.460,  0.850,  0.060, 32.060, 37.520, 96.940, 247, 52
503,  -0.070, -0.557,  0.829, 51.750, 55.510, 15.830,  4.460,  0.980,  0.120, 32.050, 37.560, 96.940, 250, 57
504,  -0.070, -0.556,  0.829, 51.060, 55.520, 16.170,  4.580,  0.980,  0.000, 32.080, 37.490, 96.940, 247, 47
505,  -0.070, -0.556,  0.828, 51.550, 55.580, 16.100,  4.700,  1.040,  0.180, 32.080, 37.570, 96.940, 247, 6
506,  -0.070, -0.556,  0.828, 51.890, 55.660, 16.110,  4.640,  1.100,  0.120, 32.080, 37.460, 96.940, 247, 26
507,  -0.069, -0.555,  0.828, 51.950, 55.650, 16.940,  4.270,  1.100,  0.000, 32.060, 37.510, 96.940, 246, 23
508,  -0.070, -0.556,  0.829, 51.790, 55.410, 16.350,  4.700,  0.850,  0.000, 32.060, 37.470, 96.940, 246, 38
509,  -0.069, -0.556,  0.828, 52.210, 55.330, 16.330,  4.520,  0.980,  0.120, 32.060, 37.530, 96.940, 249, 80
510,  -0.069, -0.557,  0.828, 51.920, 55.680, 15.880,  4.700,  0.920,  0.060, 32.080, 37.460, 96.940, 248, 45
511,  -0.070, -0.556,  0.828, 51.980, 55.530, 15.490,  4.520,  0.980,  0.120, 32.030, 37.540, 96.940, 246, 38
512,  -0.070, -0.556,  0.828, 51.990, 55.100, 15.970,  4.820,  0.920,  0.000, 32.060, 37.490, 96.940, 246, 56
513,  -0.069, -0.556,  0.828, 52.010, 55.150, 15.840,  4.640,  0.980,  0.060, 32.080, 37.490, 96.940, 246, 42
514,  -0.070, -0.556,  0.827, 51.600, 55.600, 16.280,  4.640,  0.790,  0.060, 32.080, 37.540, 96.940, 247, 70
515,  -0.070, -0.556,  0.828, 51.700, 54.970, 16.760,  4.640,  0.980, -0.120, 32.050, 37.540, 96.940, 247, 41
516,  -0.069, -0.556,  0.827, 52.280, 55.270, 16.700,  4.580,  0.850,  0.060, 32.060, 37.510, 96.940, 245, 23
517,  -0.070, -0.556,  0.828, 51.570, 55.490, 16.160,  4.760,  0.980,  0.000, 32.060, 37.470, 96.940, 248, 28
518,  -0.069, -0.557,  0.828, 51.790, 55.740, 16.380,  4.520,  0.850,  0.240, 32.080, 37.560, 96.940, 246, 75
519,  -0.068, -0.556,  0.827, 51.350, 55.750, 15.660,  4.640,  0.850,  0.060, 32.060, 37.520, 96.940, 248, 47
520,  -0.070, -0.556,  0.827, 51.640, 55.900, 15.630,  4.820,  0.920,  0.120, 32.080, 37.520, 96.940, 246, 32
521,  -0.070, -0.556,  0.827, 51.120, 55.150, 16.380,  4.580,  0.920,  0.000, 32.060, 37.510, 96.940, 247, 83
522,  -0.070, -0.556,  0.828, 51.010, 55.900, 16.580,  4.580,  0.920, -0.180, 32.030, 37.490, 96.880, 249, 32
523,  -0.070, -0.556,  0.828, 51.570, 55.850, 16.160,  4.640,  0.980,  0.000, 32.030, 37.520, 96.860, 248, 18
524,  -0.070, -0.556,  0.828, 51.780, 55.090, 16.860,  4.760,  0.980,  0.000, 32.030, 37.530, 96.870, 251, 25
525,  -0.070, -0.556,  0.827, 52.150, 54.930, 16.610,  4.640,  0.980, -0.060, 32.060, 37.520, 96.870, 248, 28
526,  -0.069, -0.556,  0.827, 51.600, 55.740, 16.210,  4.520,  0.920, -0.060, 32.030, 37.470, 96.840, 247, 17
527,  -0.070, -0.557,  0.828, 51.550, 55.290, 17.210,  4.640,  1.040,  0.120, 32.060, 37.500, 96.880, 246, 45
528,  -0.070, -0.556,  0.827, 51.680, 55.330, 15.170,  4.640,  1.100,  0.120, 32.050, 37.490, 96.880, 247, 103
529,  -0.069, -0.556,  0.828, 51.490, 55.400, 17.130,  4.460,  0.920,  0.000, 32.050, 37.540, 96.930, 247, 53
530,  -0.070, -0.556,  0.827, 51.730, 55.530, 16.260,  4.760,  0.980,  0.120, 32.100, 37.520, 96.940, 247, 25
531,  -0.069, -0.556,  0.828, 51.400, 55.160, 16.810,  4.520,  1.040,  0.000, 32.080, 37.500, 96.940, 249, 8
532,  -0.070, -0.556,  0.828, 51.430, 55.590, 17.400,  4.700,  1.040,  0.120, 32.080, 37.540, 96.940, 248, 92
533,  -0.069, -0.556,  0.828, 51.810, 55.200, 16.630,  4.700,  1.100, -0.180, 32.100, 37.510, 96.940, 248, 34
534,  -0.070, -0.557,  0.828, 51.700, 55.370, 16.530,  4.390,  1.040, -0.120, 32.060, 37.490, 96.940, 245, 48
535,  -0.069, -0.558,  0.829, 52.000, 54.810, 15.800,  4.580,  1.100,  0.060, 32.050, 37.490, 96.940, 249, 20
536,  -0.069, -0.556,  0.828, 52.170, 55.400, 16.250,  4.330,  1.160,  0.060, 32.060, 37.480, 96.940, 248, -1
537,  -0.070, -0.556,  0.828, 51.490, 55.370, 15.480,  4.580,  1.040,  0.120, 32.060, 37.520, 96.940, 250, 8
538,  -0.071, -0.558,  0.829, 51.810, 55.820, 16.890,  4.700,  0.980, -0.060, 32.060, 37.440, 96.940, 248, 82
539,  -0.069, -0.557,  0.828, 51.730, 55.800, 16.520,  4.460,  0.850,  0.060, 32.030, 37.470, 96.940, 249, 19
540,  -0.070, -0.556,  0.828, 51.760, 54.930, 16.600,  4.460,  1.040,  0.060, 32.060, 37.560, 96.940, 247, 29
541,  -0.069, -0.555,  0.827, 51.550, 55.100, 16.600,  4.700,  1.040,  0.180, 32.060, 37.470, 96.940, 248, 56
542,  -0.070, -0.556,  0.828, 51.480, 55.590, 16.160,  4.460,  0.980,  0.060, 32.050, 37.560, 96.940, 246, 44
543,  -0.069, -0.557,  0.829, 51.670, 55.810, 18.050,  4.640,  1.040,  0.120, 32.050, 37.440, 96.940, 248, 23
544,  -0.069, -0.556,  0.827, 51.290, 55.880, 15.150,  4.520,  1.040, -0.060, 32.060, 37.510, 96.940, 246, 63
545,  -0.068, -0.557,  0.828, 51.120, 54.900, 15.550,  4.390,  0.850,  0.060, 32.060, 37.470, 96.940, 248, 87
546,  -0.069, -0.557,  0.829, 51.450, 55.270, 15.450,  4.580,  0.980,  0.000, 32.080, 37.580, 96.940, 247, 63
547,  -0.069, -0.556,  0.827, 51.820, 55.210, 15.910,  4.580,  0.920,  0.000, 32.060, 37.500, 96.940, 250, 23
548,  -0.070, -0.555,  0.827, 52.110, 55.770, 15.820,  4.460,  1.100,  0.180, 32.080, 37.440, 96.940, 247, -1
549,  -0.069, -0.556,  0.828, 51.560, 55.640, 17.050,  4.460,  1.040,  0.000, 32.060, 37.520, 96.940, 248, 80
550,  -0.070, -0.556,  0.826, 52.100, 55.110, 16.580,  4.760,  1.160,  0.120, 32.060, 37.480, 96.940, 249, 72
551,  -0.070, -0.556,  0.827, 51.530, 55.270, 15.910,  4.520,  1.160,  0.120, 32.080, 37.570, 96.940, 248, 56
552,  -0.069, -0.556,  0.827, 51.500, 55.160, 16.280,  4.460,  1.040, -0.060, 32.060, 37.470, 96.940, 250, 46
553,  -0.069, -0.555,  0.827, 51.600, 55.070, 15.380,  4.580,  0.980,  0.120, 32.010, 37.410, 96.940, 246, 59
554,  -0.070, -0.556,  0.827, 51.560, 55.350, 16.460,  4.580,  0.980, -15.630, 32.080, 37.520, 96.940, 248, 102
555,  -0.070, -0.556,  0.827, 51.560, 55.360, 15.730,  4.580,  0.980, -0.060, 32.030, 37.470, 96.940, 248, 33
556,  -0.069, -0.556,  0.828, 51.590, 54.750, 16.550,  4.580,  0.920,  0.060, 32.100, 37.470, 96.940, 245, 29
557,  -0.070, -0.557,  0.827, 51.530, 54.930, 15.910,  4.580,  0.730,  0.000, 32.060, 37.450, 96.940, 249, 2
558,  -0.069, -0.555,  0.827, 51.280, 55.460, 17.050,  4.700,  1.040, -0.060, 32.050, 37.500, 96.940, 249, 6
559,  -0.069, -0.557,  0.827, 51.590, 55.260, 15.970,  4.580,  0.980,  0.060, 32.050, 37.510, 96.940, 249, 2
560,  -0.070, -0.556,  0.828, 51.980, 55.200, 16.460,  4.700,  1.100,  0.120, 32.060, 37.390, 96.940, 247, 18
561,  -0.069, -0.555,  0.827, 51.430, 54.990, 15.520,  4.760,  1.040,  0.180, 32.080, 37.390, 96.940, 248, 37
562,  -0.069, -0.556,  0.828, 52.010, 54.990, 15.530,  4.640,  0.980, -0.120, 32.080, 37.500, 96.940, 248, 58
563,  -0.069, -0.557,  0.828, 52.170, 55.200, 16.460,  4.760,  0.920,  0.060, 32.060, 37.510, 96.940, 248, 90
564,  -0.069, -0.556,  0.829, 51.680, 55.520, 15.760,  4.880,  1.040,  0.180, 32.050, 37.470, 96.940, 248, 35
565,  -0.069, -0.555,  0.828, 51.500, 54.800, 16.350,  4.760,  1.100,  0.060, 32.030, 37.500, 96.940, 249, 11
566,  -0.070, -0.556,  0.827, 51.720, 55.140, 15.800,  4.520,  1.040,  0.120, 32.010, 37.470, 96.940, 248, 13
567,  -0.069, -0.557,  0.828, 51.780, 54.600, 16.410,  4.640,  1.160,  0.060, 32.030, 37.520, 96.940, 244, 11
568,  -0.070, -0.556,  0.827, 51.510, 55.870, 16.440,  4.640,  0.850,  0.060, 32.080, 37.530, 96.940, 248, 60
569,  -0.070, -0.556,  0.828, 51.430, 55.310, 16.350,  4.760,  1.040,  0.060, 32.050, 37.510, 96.930, 249, 11
570,  -0.069, -0.556,  0.828, 51.840, 55.320, 16.500,  4.880,  0.980,  0.000, 32.050, 37.490, 96.890, 249, 32
571,  -0.069, -0.556,  0.827, 51.370, 55.510, 17.050,  4.700,  1.040, -0.060, 32.050, 37.450, 96.820, 249, 21
572,  -0.069, -0.555,  0.827, 51.220, 55.030, 16.830,  4.460,  0.920,  0.240, 32.050, 37.460, 96.870, 247, 32
573,  -0.070, -0.556,  0.828, 51.220, 55.510, 17.020,  4.820,  0.980,  0.060, 32.060, 37.500, 96.850, 248, 108
574,  -0.070, -0.556,  0.828, 51.230, 55.250, 15.880,  4.640,  0.980,  0.000, 32.060, 37.470, 96.880, 248, 43
575,  -0.070, -0.556,  0.829, 51.600, 55.400, 16.610,  4.700,  0.850,  0.060, 32.060, 37.500, 96.880, 250, 23
576,  -0.071, -0.556,  0.828, 51.500, 55.200, 16.140,  4.520,  0.980,  0.000, 32.050, 37.520, 96.880, 248, 50
577,  -0.070, -0.556,  0.828, 51.350, 55.400, 15.450,  4.820,  1.100,  0.060, 32.050, 37.490, 96.930, 247, 34
578,  -0.070, -0.555,  0.828, 51.930, 55.540, 16.530,  4.580,  1.040,  0.120, 32.010, 37.480, 96.930, 247, 10
579,  -0.069, -0.556,  0.828, 51.610, 55.110, 16.080,  4.580,  0.790,  0.120, 32.080, 37.410, 96.940, 248, 51
580,  -0.070, -0.556,  0.828, 51.650, 55.480, 16.160,  4.640,  1.040,  0.060, 32.060, 37.530, 96.940, 246, 35
581,  -0.070, -0.556,  0.828, 51.600, 55.550, 15.990,  4.580,  1.040,  0.120, 32.060, 37.500, 96.940, 246, 17
582,  -0.069, -0.556,  0.827, 51.810, 55.540, 16.540,  4.520,  1.100,  0.120, 32.060, 37.530, 96.940, 248, 16
583,  -0.070, -0.556,  0.827, 51.920, 55.590, 16.780,  4.700,  0.920,  0.120, 32.060, 37.490, 96.940, 250, 30
584,  -0.068, -0.556,  0.827, 51.590, 55.410, 16.530,  4.700,  0.920,  0.120, 32.060, 37.530, 96.940, 246, 33
585,  -0.069, -0.557,  0.829, 51.660, 55.410, 15.670,  4.460,  1.040, -0.060, 32.050, 37.470, 96.940, 248, 20
586,  -0.070, -0.556,  0.827, 51.320, 55.200, 16.670,  4.460,  1.100,  0.000, 32.030, 37.520, 96.940, 247, 45
587,  -0.069, -0.556,  0.828, 51.680, 55.910, 15.830,  4.640,  0.920,  0.060, 32.050, 37.500, 96.940, 248, 38
588,  -0.069, -0.556,  0.828, 51.760, 55.330, 16.530,  4.520,  0.980,  0.180, 32.060, 37.480, 96.940, 247, 53
589,  -0.070, -0.556,  0.826, 51.620, 55.110, 16.480,  4.760,  0.850,  0.120, 32.060, 37.470, 96.940, 249, 52
590,  -0.070, -0.556,  0.828, 51.710, 55.470, 16.410,  4.520,  0.850, -0.060, 32.050, 37.400, 96.940, 245, 107
591,  -0.069, -0.557,  0.827, 51.650, 55.300, 16.380,  4.520,  0.920,  0.060, 32.100, 37.480, 96.940, 246, 57
592,  -0.069, -0.556,  0.827, 51.230, 55.000, 16.190,  4.520,  1.160,  0.060, 32.030, 37.570, 96.940, 247, 40
593,  -0.070, -0.556,  0.827, 51.660, 55.100, 16.580,  4.460,  1.040,  0.060, 32.060, 37.490, 96.940, 251, 39
594,  -0.069, -0.557,  0.827, 51.860, 55.690, 16.910,  4.700,  1.040,  0.000, 32.030, 37.530, 96.940, 246, 56
595,  -0.069, -0.556,  0.827, 51.730, 55.690, 15.990,  4.640,  0.980,  0.060, 32.050, 37.440, 96.940, 248, 42
596,  -0.069, -0.557,  0.826, 51.900, 55.850, 16.560,  4.640,  0.920,  0.000, 32.050, 37.530, 96.940, 247, 73
597,  -0.070, -0.556,  0.827, 51.150, 55.320, 16.240,  4.390,  0.980,  0.000, 32.060, 37.520, 96.940, 248, 225
598,  -0.069, -0.557,  0.827, 51.100, 55.870, 16.090,  4.390,  0.920,  0.060, 32.050, 37.450, 96.940, 247, 60
599,  -0.070, -0.556,  0.828, 51.210, 55.680, 15.830,  4.580,  0.920,  0.120, 32.050, 37.460, 96.940, 248, 87
600,  -0.069, -0.556,  0.827, 51.680, 55.210, 15.990,  4.640,  0.980,  0.180, 32.050, 37.490, 96.940, 247, 63
601,  -0.070, -0.556,  0.826, 51.720, 55.580, 14.760,  4.700,  0.850, -0.060, 32.030, 37.590, 96.940, 249, 3
602,  -0.069, -0.556,  0.828, 51.380, 55.490, 16.060,  4.460,  0.980,  0.120, 32.030, 37.480, 96.940, 248, 0
603,  -0.068, -0.557,  0.826, 51.220, 55.320, 16.300,  4.700,  0.920,  0.060, 32.030, 37.490, 96.940, 249, 5
604,  -0.070, -0.556,  0.826, 51.230, 55.290, 15.050,  4.760,  0.980,  0.060, 32.060, 37.480, 96.940, 249, 18
605,  -0.070, -0.556,  0.826, 51.420, 55.900, 15.800,  4.580,  1.100,  0.120, 32.030, 37.440, 96.940, 247, 23
606,  -0.070, -0.555,  0.827, 51.160, 55.070, 16.280,  4.640,  0.980,  0.060, 32.050, 37.520, 96.940, 249, 19
607,  -0.070, -0.556,  0.827, 51.770, 55.320, 16.470,  4.640,  1.100,  0.060, 32.050, 37.480, 96.940, 247, 27
608,  -0.071, -0.556,  0.826, 51.700, 55.050, 15.640,  4.580,  1.160,  0.060, 32.030, 37.460, 96.940, 248, 46
609,  -0.070, -0.557,  0.828, 51.650, 55.540, 16.560,  4.520,  1.100, -0.060, 32.060, 37.350, 96.940, 249, 12
610,  -0.070, -0.556,  0.828, 51.780, 55.630, 15.820,  4.580,  1.100,  0.060, 32.060, 37.520, 96.940, 244, 13
611,  -0.070, -0.556,  0.828, 51.560, 55.470, 17.000,  4.880,  0.980,  0.060, 32.060, 37.490, 96.940, 248, 19
612,  -0.070, -0.556,  0.828, 51.830, 55.480, 16.170,  4.580,  1.100, -0.120, 32.060, 37.500, 96.940, 246, 39
613,  -0.069, -0.556,  0.828, 52.030, 56.240, 16.980,  4.820,  0.980,  0.060, 32.050, 37.490, 96.940, 246, 40
614,  -0.069, -0.556,  0.827, 51.570, 55.620, 15.330,  4.390,  0.980,  0.060, 32.060, 37.540, 96.940, 246, 37
615,  -0.069, -0.556,  0.828, 51.980, 55.370, 15.430,  4.700,  0.980, -0.060, 32.060, 37.490, 96.940, 248, 34
616,  -0.068, -0.556,  0.827, 51.820, 54.960, 15.340,  4.460,  0.920, -0.060, 32.100, 37.480, 96.940, 247, 44
617,  -0.069, -0.556,  0.827, 51.660, 55.330, 15.430,  4.390,  1.040,  0.060, 32.080, 37.510, 96.900, 249, 42
618,  -0.069, -0.556,  0.828, 52.060, 54.820, 16.530,  4.700,  1.100, -0.060, 32.080, 37.540, 96.870, 249, 53
619,  -0.069, -0.556,  0.828, 51.420, 55.160, 15.360,  4.580,  0.980,  0.000, 32.080, 37.550, 96.850, 248, 63
620,  -0.069, -0.556,  0.829, 51.880, 55.000, 15.000,  4.580,  1.040,  0.240, 32.050, 37.470, 96.860, 246, 61
621,  -0.068, -0.557,  0.828, 52.090, 55.210, 15.980,  4.640,  0.920,  0.060, 32.060, 37.460, 96.830, 248, 24
622,  -0.070, -0.556,  0.828, 52.270, 55.240, 15.910,  4.700,  0.850,  0.000, 32.050, 37.480, 96.880, 248, 37
623,  -0.069, -0.556,  0.829, 51.930, 55.040, 16.580,  4.520,  0.920, -0.120, 32.080, 37.530, 96.880, 249, 38
624,  -0.069, -0.557,  0.829, 51.810, 55.270, 15.390,  4.520,  1.100,  0.060, 32.030, 37.490, 96.930, 246, 18
625,  -0.069, -0.556,  0.828, 52.010, 54.970, 16.220,  4.640,  1.040,  0.120, 32.050, 37.540, 96.940, 247, 52
626,  -0.070, -0.556,  0.830, 51.440, 55.540, 14.920,  4.640,  1.040,  0.000, 32.080, 37.520, 96.940, 248, 22
627,  -0.069, -0.556,  0.828, 51.760, 54.870, 15.060,  4.700,  0.920,  0.120, 32.050, 37.440, 96.940, 249, 16
628,  -0.069, -0.556,  0.828, 51.890, 54.990, 15.630,  4.520,  0.980,  0.120, 32.060, 37.530, 96.940, 246, 34
629,  -0.069, -0.557,  0.829, 51.970, 55.210, 16.320,  4.760,  0.920,  0.120, 32.050, 37.460, 96.940, 247, 13
630,  -0.069, -0.556,  0.829, 51.890, 55.190, 15.800,  4.580,  1.040,  0.060, 32.080, 37.470, 96.940, 247, 7
631,  -0.071, -0.556,  0.828, 51.820, 55.150, 15.940,  4.760,  0.980,  0.000, 32.050, 37.550, 96.940, 247, 46
